MMSI,BaseDateTime,LAT,LON,SOG,COG,Heading,VesselName,IMO,CallSign,VesselType,Status,Length,Width,Draft,Cargo
419082341,2026-09-04 06:00:00,22.93157,69.5405,6.2,246.4,246.4,MT GUJARAT PRIDE,9082341,VT341,80,0,180,32,11.5,80
419082341,2026-09-04 06:05:00,22.92839,69.53198,6.3,249.4,249.4,MT GUJARAT PRIDE,9082341,VT341,80,0,180,32,11.5,80
419082341,2026-09-04 06:10:00,22.92521,69.52345,5.5,246.0,246.0,MT GUJARAT PRIDE,9082341,VT341,80,0,180,32,11.5,80
419082341,2026-09-04 06:15:00,22.92204,69.51492,6.1,247.5,247.5,MT GUJARAT PRIDE,9082341,VT341,80,0,180,32,11.5,80
419082341,2026-09-04 06:20:00,22.91886,69.50639,6.1,246.7,246.7,MT GUJARAT PRIDE,9082341,VT341,80,0,180,32,11.5,80
419082341,2026-09-04 06:25:00,22.91568,69.49786,6.4,249.2,249.2,MT GUJARAT PRIDE,9082341,VT341,80,0,180,32,11.5,80
419082341,2026-09-04 06:30:00,22.9125,69.48934,6.1,249.7,249.7,MT GUJARAT PRIDE,9082341,VT341,80,0,180,32,11.5,80
419082341,2026-09-04 06:35:00,22.90933,69.48081,6.2,246.7,246.7,MT GUJARAT PRIDE,9082341,VT341,80,0,180,32,11.5,80
419082341,2026-09-04 06:40:00,22.90615,69.47228,6.2,246.6,246.6,MT GUJARAT PRIDE,9082341,VT341,80,0,180,32,11.5,80
419082341,2026-09-04 06:45:00,22.90297,69.46375,6.4,247.9,247.9,MT GUJARAT PRIDE,9082341,VT341,80,0,180,32,11.5,80
419082341,2026-09-04 06:50:00,22.8998,69.45522,6.0,247.0,247.0,MT GUJARAT PRIDE,9082341,VT341,80,0,180,32,11.5,80
419082341,2026-09-04 06:55:00,22.89662,69.4467,6.5,247.8,247.8,MT GUJARAT PRIDE,9082341,VT341,80,0,180,32,11.5,80
419082341,2026-09-04 07:00:00,22.89344,69.43817,6.0,247.5,247.5,MT GUJARAT PRIDE,9082341,VT341,80,0,180,32,11.5,80
419082341,2026-09-04 07:05:00,22.89026,69.42964,6.3,248.5,248.5,MT GUJARAT PRIDE,9082341,VT341,80,0,180,32,11.5,80
419082341,2026-09-04 07:10:00,22.88709,69.42111,6.2,248.6,248.6,MT GUJARAT PRIDE,9082341,VT341,80,0,180,32,11.5,80
419082341,2026-09-04 07:15:00,22.88391,69.41259,6.7,247.4,247.4,MT GUJARAT PRIDE,9082341,VT341,80,0,180,32,11.5,80
419082341,2026-09-04 07:20:00,22.88073,69.40406,5.9,246.8,246.8,MT GUJARAT PRIDE,9082341,VT341,80,0,180,32,11.5,80
419082341,2026-09-04 07:25:00,22.87756,69.39553,6.3,249.7,249.7,MT GUJARAT PRIDE,9082341,VT341,80,0,180,32,11.5,80
419082341,2026-09-04 07:30:00,22.87438,69.387,6.1,246.7,246.7,MT GUJARAT PRIDE,9082341,VT341,80,0,180,32,11.5,80
419082341,2026-09-04 07:35:00,22.8712,69.37847,5.9,249.0,249.0,MT GUJARAT PRIDE,9082341,VT341,80,0,180,32,11.5,80
419082341,2026-09-04 07:40:00,22.86802,69.36995,6.3,248.8,248.8,MT GUJARAT PRIDE,9082341,VT341,80,0,180,32,11.5,80
419082341,2026-09-04 07:45:00,22.86485,69.36142,5.9,248.3,248.3,MT GUJARAT PRIDE,9082341,VT341,80,0,180,32,11.5,80
419082341,2026-09-04 07:50:00,22.86167,69.35289,6.1,248.3,248.3,MT GUJARAT PRIDE,9082341,VT341,80,0,180,32,11.5,80
419082341,2026-09-04 07:55:00,22.85849,69.34436,6.4,248.3,248.3,MT GUJARAT PRIDE,9082341,VT341,80,0,180,32,11.5,80
419082341,2026-09-04 08:00:00,22.85532,69.33583,6.3,248.1,248.1,MT GUJARAT PRIDE,9082341,VT341,80,0,180,32,11.5,80
419082341,2026-09-04 08:05:00,22.85214,69.32731,6.2,248.9,248.9,MT GUJARAT PRIDE,9082341,VT341,80,0,180,32,11.5,80
419082341,2026-09-04 08:10:00,22.84896,69.31878,5.7,247.5,247.5,MT GUJARAT PRIDE,9082341,VT341,80,0,180,32,11.5,80
419082341,2026-09-04 08:15:00,22.84578,69.31025,6.0,247.0,247.0,MT GUJARAT PRIDE,9082341,VT341,80,0,180,32,11.5,80
419082341,2026-09-04 08:20:00,22.84261,69.30172,6.0,250.2,250.2,MT GUJARAT PRIDE,9082341,VT341,80,0,180,32,11.5,80
419082341,2026-09-04 08:25:00,22.83943,69.2932,5.8,249.5,249.5,MT GUJARAT PRIDE,9082341,VT341,80,0,180,32,11.5,80
419082341,2026-09-04 08:30:00,22.83625,69.28467,5.6,247.5,247.5,MT GUJARAT PRIDE,9082341,VT341,80,0,180,32,11.5,80
419082341,2026-09-04 08:35:00,22.83308,69.27614,6.1,248.9,248.9,MT GUJARAT PRIDE,9082341,VT341,80,0,180,32,11.5,80
419082341,2026-09-04 08:40:00,22.8299,69.26761,6.3,249.2,249.2,MT GUJARAT PRIDE,9082341,VT341,80,0,180,32,11.5,80
419082341,2026-09-04 08:45:00,22.82672,69.25908,6.0,247.3,247.3,MT GUJARAT PRIDE,9082341,VT341,80,0,180,32,11.5,80
419082341,2026-09-04 08:50:00,22.82354,69.25056,6.4,247.7,247.7,MT GUJARAT PRIDE,9082341,VT341,80,0,180,32,11.5,80
419082341,2026-09-04 08:55:00,22.82037,69.24203,5.7,246.3,246.3,MT GUJARAT PRIDE,9082341,VT341,80,0,180,32,11.5,80
419082341,2026-09-04 09:00:00,22.81719,69.2335,5.8,248.7,248.7,MT GUJARAT PRIDE,9082341,VT341,80,0,180,32,11.5,80
419082341,2026-09-04 09:05:00,22.81401,69.22497,6.1,249.0,249.0,MT GUJARAT PRIDE,9082341,VT341,80,0,180,32,11.5,80
419082341,2026-09-04 09:10:00,22.81083,69.21645,6.0,248.2,248.2,MT GUJARAT PRIDE,9082341,VT341,80,0,180,32,11.5,80
419082341,2026-09-04 09:15:00,22.80766,69.20792,6.3,247.5,247.5,MT GUJARAT PRIDE,9082341,VT341,80,0,180,32,11.5,80
419082341,2026-09-04 09:20:00,22.80448,69.19939,6.2,247.0,247.0,MT GUJARAT PRIDE,9082341,VT341,80,0,180,32,11.5,80
419082341,2026-09-04 09:25:00,22.8013,69.19086,6.0,247.4,247.4,MT GUJARAT PRIDE,9082341,VT341,80,0,180,32,11.5,80
419082341,2026-09-04 09:30:00,22.79813,69.18233,1.7,274.9,274.9,MT GUJARAT PRIDE,9082341,VT341,80,0,180,32,11.5,80
419082341,2026-09-04 09:35:00,22.79495,69.17381,1.8,273.0,273.0,MT GUJARAT PRIDE,9082341,VT341,80,0,180,32,11.5,80
419082341,2026-09-04 09:40:00,22.79177,69.16528,2.0,274.8,274.8,MT GUJARAT PRIDE,9082341,VT341,80,0,180,32,11.5,80
419082341,2026-09-04 09:45:00,22.78859,69.15675,2.0,272.6,272.6,MT GUJARAT PRIDE,9082341,VT341,80,0,180,32,11.5,80
419082341,2026-09-04 09:50:00,22.78542,69.14822,1.8,272.7,272.7,MT GUJARAT PRIDE,9082341,VT341,80,0,180,32,11.5,80
419082341,2026-09-04 09:55:00,22.78224,69.13969,1.6,267.2,267.2,MT GUJARAT PRIDE,9082341,VT341,80,0,180,32,11.5,80
419082341,2026-09-04 10:00:00,22.77906,69.13117,1.6,269.0,269.0,MT GUJARAT PRIDE,9082341,VT341,80,0,180,32,11.5,80
419082341,2026-09-04 10:05:00,22.77589,69.12264,2.0,269.4,269.4,MT GUJARAT PRIDE,9082341,VT341,80,0,180,32,11.5,80
419082341,2026-09-04 10:10:00,22.77271,69.11411,1.8,278.2,278.2,MT GUJARAT PRIDE,9082341,VT341,80,0,180,32,11.5,80
419082341,2026-09-04 10:15:00,22.76953,69.10558,1.8,276.0,276.0,MT GUJARAT PRIDE,9082341,VT341,80,0,180,32,11.5,80
419082341,2026-09-04 10:20:00,22.76635,69.09706,1.7,272.2,272.2,MT GUJARAT PRIDE,9082341,VT341,80,0,180,32,11.5,80
419082341,2026-09-04 10:25:00,22.76318,69.08853,1.7,271.6,271.6,MT GUJARAT PRIDE,9082341,VT341,80,0,180,32,11.5,80
419082341,2026-09-04 10:30:00,22.76,69.08,2.1,266.1,266.1,MT GUJARAT PRIDE,9082341,VT341,80,0,180,32,11.5,80
419082341,2026-09-04 10:35:00,22.75682,69.07147,2.0,274.0,274.0,MT GUJARAT PRIDE,9082341,VT341,80,0,180,32,11.5,80
419082341,2026-09-04 10:40:00,22.75365,69.06294,1.8,267.2,267.2,MT GUJARAT PRIDE,9082341,VT341,80,0,180,32,11.5,80
419082341,2026-09-04 10:45:00,22.75047,69.05442,1.9,270.9,270.9,MT GUJARAT PRIDE,9082341,VT341,80,0,180,32,11.5,80
419082341,2026-09-04 10:50:00,22.74729,69.04589,1.9,273.1,273.1,MT GUJARAT PRIDE,9082341,VT341,80,0,180,32,11.5,80
419082341,2026-09-04 10:55:00,22.74411,69.03736,2.2,272.0,272.0,MT GUJARAT PRIDE,9082341,VT341,80,0,180,32,11.5,80
419082341,2026-09-04 11:00:00,22.74094,69.02883,1.7,273.7,273.7,MT GUJARAT PRIDE,9082341,VT341,80,0,180,32,11.5,80
419082341,2026-09-04 11:05:00,22.73776,69.02031,6.2,250.0,250.0,MT GUJARAT PRIDE,9082341,VT341,80,0,180,32,11.5,80
419082341,2026-09-04 11:10:00,22.73458,69.01178,6.4,248.5,248.5,MT GUJARAT PRIDE,9082341,VT341,80,0,180,32,11.5,80
419082341,2026-09-04 11:15:00,22.73141,69.00325,6.5,246.2,246.2,MT GUJARAT PRIDE,9082341,VT341,80,0,180,32,11.5,80
419082341,2026-09-04 11:20:00,22.72823,68.99472,5.9,246.6,246.6,MT GUJARAT PRIDE,9082341,VT341,80,0,180,32,11.5,80
419082341,2026-09-04 11:25:00,22.72505,68.98619,6.0,245.9,245.9,MT GUJARAT PRIDE,9082341,VT341,80,0,180,32,11.5,80
419082341,2026-09-04 11:30:00,22.72187,68.97767,6.3,247.7,247.7,MT GUJARAT PRIDE,9082341,VT341,80,0,180,32,11.5,80
419082341,2026-09-04 11:35:00,22.7187,68.96914,5.7,246.5,246.5,MT GUJARAT PRIDE,9082341,VT341,80,0,180,32,11.5,80
419082341,2026-09-04 11:40:00,22.71552,68.96061,6.2,249.3,249.3,MT GUJARAT PRIDE,9082341,VT341,80,0,180,32,11.5,80
419082341,2026-09-04 11:45:00,22.71234,68.95208,6.7,252.4,252.4,MT GUJARAT PRIDE,9082341,VT341,80,0,180,32,11.5,80
419082341,2026-09-04 11:50:00,22.70917,68.94355,6.2,246.5,246.5,MT GUJARAT PRIDE,9082341,VT341,80,0,180,32,11.5,80
419082341,2026-09-04 11:55:00,22.70599,68.93503,5.5,248.4,248.4,MT GUJARAT PRIDE,9082341,VT341,80,0,180,32,11.5,80
419082341,2026-09-04 12:00:00,22.70281,68.9265,5.9,247.4,247.4,MT GUJARAT PRIDE,9082341,VT341,80,0,180,32,11.5,80
419082341,2026-09-04 12:05:00,22.69963,68.91797,5.9,247.8,247.8,MT GUJARAT PRIDE,9082341,VT341,80,0,180,32,11.5,80
419082341,2026-09-04 12:10:00,22.69646,68.90944,6.4,248.2,248.2,MT GUJARAT PRIDE,9082341,VT341,80,0,180,32,11.5,80
419082341,2026-09-04 12:15:00,22.69328,68.90092,6.1,246.4,246.4,MT GUJARAT PRIDE,9082341,VT341,80,0,180,32,11.5,80
419082341,2026-09-04 12:20:00,22.6901,68.89239,5.6,247.3,247.3,MT GUJARAT PRIDE,9082341,VT341,80,0,180,32,11.5,80
419082341,2026-09-04 12:25:00,22.68692,68.88386,6.1,250.7,250.7,MT GUJARAT PRIDE,9082341,VT341,80,0,180,32,11.5,80
419082341,2026-09-04 12:30:00,22.68375,68.87533,6.1,249.5,249.5,MT GUJARAT PRIDE,9082341,VT341,80,0,180,32,11.5,80
419082341,2026-09-04 12:35:00,22.68057,68.8668,6.0,246.2,246.2,MT GUJARAT PRIDE,9082341,VT341,80,0,180,32,11.5,80
419082341,2026-09-04 12:40:00,22.67739,68.85828,5.8,246.9,246.9,MT GUJARAT PRIDE,9082341,VT341,80,0,180,32,11.5,80
419082341,2026-09-04 12:45:00,22.67422,68.84975,6.7,246.8,246.8,MT GUJARAT PRIDE,9082341,VT341,80,0,180,32,11.5,80
419082341,2026-09-04 12:50:00,22.67104,68.84122,6.4,246.6,246.6,MT GUJARAT PRIDE,9082341,VT341,80,0,180,32,11.5,80
419082341,2026-09-04 12:55:00,22.66786,68.83269,6.4,248.6,248.6,MT GUJARAT PRIDE,9082341,VT341,80,0,180,32,11.5,80
419082341,2026-09-04 13:00:00,22.66468,68.82417,6.1,247.9,247.9,MT GUJARAT PRIDE,9082341,VT341,80,0,180,32,11.5,80
419082341,2026-09-04 13:05:00,22.66151,68.81564,5.9,248.7,248.7,MT GUJARAT PRIDE,9082341,VT341,80,0,180,32,11.5,80
419082341,2026-09-04 13:10:00,22.65833,68.80711,6.0,246.2,246.2,MT GUJARAT PRIDE,9082341,VT341,80,0,180,32,11.5,80
419082341,2026-09-04 13:15:00,22.65515,68.79858,5.7,248.3,248.3,MT GUJARAT PRIDE,9082341,VT341,80,0,180,32,11.5,80
419082341,2026-09-04 13:20:00,22.65198,68.79005,6.6,248.2,248.2,MT GUJARAT PRIDE,9082341,VT341,80,0,180,32,11.5,80
419082341,2026-09-04 13:25:00,22.6488,68.78153,6.1,248.4,248.4,MT GUJARAT PRIDE,9082341,VT341,80,0,180,32,11.5,80
419082341,2026-09-04 13:30:00,22.64562,68.773,6.5,248.3,248.3,MT GUJARAT PRIDE,9082341,VT341,80,0,180,32,11.5,80
419082341,2026-09-04 13:35:00,22.64244,68.76447,6.0,249.7,249.7,MT GUJARAT PRIDE,9082341,VT341,80,0,180,32,11.5,80
419082341,2026-09-04 13:40:00,22.63927,68.75594,6.2,250.3,250.3,MT GUJARAT PRIDE,9082341,VT341,80,0,180,32,11.5,80
419082341,2026-09-04 13:45:00,22.63609,68.74741,6.2,246.2,246.2,MT GUJARAT PRIDE,9082341,VT341,80,0,180,32,11.5,80
419082341,2026-09-04 13:50:00,22.63291,68.73889,5.7,250.5,250.5,MT GUJARAT PRIDE,9082341,VT341,80,0,180,32,11.5,80
419082341,2026-09-04 13:55:00,22.62974,68.73036,6.6,247.7,247.7,MT GUJARAT PRIDE,9082341,VT341,80,0,180,32,11.5,80
419082341,2026-09-04 14:00:00,22.62656,68.72183,6.0,250.2,250.2,MT GUJARAT PRIDE,9082341,VT341,80,0,180,32,11.5,80
419077123,2026-09-04 06:00:00,23.31172,68.10839,11.2,118.7,118.7,MT ARABIAN BREEZE,9077123,VT123,81,0,180,32,11.5,80
419077123,2026-09-04 06:05:00,23.30372,68.12342,11.7,119.4,119.4,MT ARABIAN BREEZE,9077123,VT123,81,0,180,32,11.5,80
419077123,2026-09-04 06:10:00,23.29573,68.13845,11.5,119.8,119.8,MT ARABIAN BREEZE,9077123,VT123,81,0,180,32,11.5,80
419077123,2026-09-04 06:15:00,23.28773,68.15348,11.6,122.1,122.1,MT ARABIAN BREEZE,9077123,VT123,81,0,180,32,11.5,80
419077123,2026-09-04 06:20:00,23.27974,68.16851,11.5,121.0,121.0,MT ARABIAN BREEZE,9077123,VT123,81,0,180,32,11.5,80
419077123,2026-09-04 06:25:00,23.27174,68.18354,10.9,119.9,119.9,MT ARABIAN BREEZE,9077123,VT123,81,0,180,32,11.5,80
419077123,2026-09-04 06:30:00,23.26375,68.19857,11.2,118.2,118.2,MT ARABIAN BREEZE,9077123,VT123,81,0,180,32,11.5,80
419077123,2026-09-04 06:35:00,23.25575,68.2136,11.2,119.5,119.5,MT ARABIAN BREEZE,9077123,VT123,81,0,180,32,11.5,80
419077123,2026-09-04 06:40:00,23.24776,68.22863,11.8,118.0,118.0,MT ARABIAN BREEZE,9077123,VT123,81,0,180,32,11.5,80
419077123,2026-09-04 06:45:00,23.23976,68.24366,11.5,119.3,119.3,MT ARABIAN BREEZE,9077123,VT123,81,0,180,32,11.5,80
419077123,2026-09-04 06:50:00,23.23177,68.25869,11.4,121.5,121.5,MT ARABIAN BREEZE,9077123,VT123,81,0,180,32,11.5,80
419077123,2026-09-04 06:55:00,23.22377,68.27372,11.7,122.0,122.0,MT ARABIAN BREEZE,9077123,VT123,81,0,180,32,11.5,80
419077123,2026-09-04 07:00:00,23.21578,68.28875,11.5,119.0,119.0,MT ARABIAN BREEZE,9077123,VT123,81,0,180,32,11.5,80
419077123,2026-09-04 07:05:00,23.20778,68.30378,11.4,120.4,120.4,MT ARABIAN BREEZE,9077123,VT123,81,0,180,32,11.5,80
419077123,2026-09-04 07:10:00,23.19979,68.31881,11.6,118.4,118.4,MT ARABIAN BREEZE,9077123,VT123,81,0,180,32,11.5,80
419077123,2026-09-04 07:15:00,23.1918,68.33384,11.5,120.3,120.3,MT ARABIAN BREEZE,9077123,VT123,81,0,180,32,11.5,80
419077123,2026-09-04 07:20:00,23.1838,68.34887,12.3,122.8,122.8,MT ARABIAN BREEZE,9077123,VT123,81,0,180,32,11.5,80
419077123,2026-09-04 07:25:00,23.17581,68.3639,11.2,119.6,119.6,MT ARABIAN BREEZE,9077123,VT123,81,0,180,32,11.5,80
419077123,2026-09-04 07:30:00,23.16781,68.37893,11.1,119.1,119.1,MT ARABIAN BREEZE,9077123,VT123,81,0,180,32,11.5,80
419077123,2026-09-04 07:35:00,23.15982,68.39396,11.6,121.8,121.8,MT ARABIAN BREEZE,9077123,VT123,81,0,180,32,11.5,80
419077123,2026-09-04 07:40:00,23.15182,68.40899,11.3,119.0,119.0,MT ARABIAN BREEZE,9077123,VT123,81,0,180,32,11.5,80
419077123,2026-09-04 07:45:00,23.14383,68.42402,10.9,119.8,119.8,MT ARABIAN BREEZE,9077123,VT123,81,0,180,32,11.5,80
419077123,2026-09-04 07:50:00,23.13583,68.43905,11.2,119.2,119.2,MT ARABIAN BREEZE,9077123,VT123,81,0,180,32,11.5,80
419077123,2026-09-04 07:55:00,23.12784,68.45408,11.2,119.9,119.9,MT ARABIAN BREEZE,9077123,VT123,81,0,180,32,11.5,80
419077123,2026-09-04 08:00:00,23.11984,68.4691,11.0,117.8,117.8,MT ARABIAN BREEZE,9077123,VT123,81,0,180,32,11.5,80
419077123,2026-09-04 08:05:00,23.11185,68.48413,12.1,118.1,118.1,MT ARABIAN BREEZE,9077123,VT123,81,0,180,32,11.5,80
419077123,2026-09-04 08:10:00,23.10385,68.49916,11.2,122.8,122.8,MT ARABIAN BREEZE,9077123,VT123,81,0,180,32,11.5,80
419077123,2026-09-04 08:15:00,23.09586,68.51419,12.4,118.2,118.2,MT ARABIAN BREEZE,9077123,VT123,81,0,180,32,11.5,80
419077123,2026-09-04 08:20:00,23.08786,68.52922,11.4,120.5,120.5,MT ARABIAN BREEZE,9077123,VT123,81,0,180,32,11.5,80
419077123,2026-09-04 08:25:00,23.07987,68.54425,12.0,118.5,118.5,MT ARABIAN BREEZE,9077123,VT123,81,0,180,32,11.5,80
419077123,2026-09-04 08:30:00,23.07187,68.55928,11.4,121.2,121.2,MT ARABIAN BREEZE,9077123,VT123,81,0,180,32,11.5,80
419077123,2026-09-04 08:35:00,23.06388,68.57431,11.6,119.4,119.4,MT ARABIAN BREEZE,9077123,VT123,81,0,180,32,11.5,80
419077123,2026-09-04 08:40:00,23.05588,68.58934,11.5,117.9,117.9,MT ARABIAN BREEZE,9077123,VT123,81,0,180,32,11.5,80
419077123,2026-09-04 08:45:00,23.04789,68.60437,11.4,119.6,119.6,MT ARABIAN BREEZE,9077123,VT123,81,0,180,32,11.5,80
419077123,2026-09-04 08:50:00,23.03989,68.6194,11.6,119.2,119.2,MT ARABIAN BREEZE,9077123,VT123,81,0,180,32,11.5,80
419077123,2026-09-04 08:55:00,23.0319,68.63443,11.6,121.5,121.5,MT ARABIAN BREEZE,9077123,VT123,81,0,180,32,11.5,80
419077123,2026-09-04 09:00:00,23.02391,68.64946,11.5,120.5,120.5,MT ARABIAN BREEZE,9077123,VT123,81,0,180,32,11.5,80
419077123,2026-09-04 09:05:00,23.01591,68.66449,11.5,120.0,120.0,MT ARABIAN BREEZE,9077123,VT123,81,0,180,32,11.5,80
419077123,2026-09-04 09:10:00,23.00792,68.67952,11.3,120.5,120.5,MT ARABIAN BREEZE,9077123,VT123,81,0,180,32,11.5,80
419077123,2026-09-04 09:15:00,22.99992,68.69455,11.5,123.1,123.1,MT ARABIAN BREEZE,9077123,VT123,81,0,180,32,11.5,80
419077123,2026-09-04 09:20:00,22.99193,68.70958,12.0,120.6,120.6,MT ARABIAN BREEZE,9077123,VT123,81,0,180,32,11.5,80
419077123,2026-09-04 09:25:00,22.98393,68.72461,11.3,118.3,118.3,MT ARABIAN BREEZE,9077123,VT123,81,0,180,32,11.5,80
419077123,2026-09-04 09:30:00,22.97594,68.73964,11.9,120.4,120.4,MT ARABIAN BREEZE,9077123,VT123,81,0,180,32,11.5,80
419077123,2026-09-04 09:35:00,22.96794,68.75467,11.6,117.4,117.4,MT ARABIAN BREEZE,9077123,VT123,81,0,180,32,11.5,80
419077123,2026-09-04 09:40:00,22.95995,68.7697,11.8,120.7,120.7,MT ARABIAN BREEZE,9077123,VT123,81,0,180,32,11.5,80
419077123,2026-09-04 09:45:00,22.95195,68.78473,11.2,119.3,119.3,MT ARABIAN BREEZE,9077123,VT123,81,0,180,32,11.5,80
419077123,2026-09-04 09:50:00,22.94396,68.79976,11.6,120.1,120.1,MT ARABIAN BREEZE,9077123,VT123,81,0,180,32,11.5,80
419077123,2026-09-04 09:55:00,22.93596,68.81479,11.4,119.8,119.8,MT ARABIAN BREEZE,9077123,VT123,81,0,180,32,11.5,80
419077123,2026-09-04 10:00:00,22.92797,68.82982,11.4,120.2,120.2,MT ARABIAN BREEZE,9077123,VT123,81,0,180,32,11.5,80
419077123,2026-09-04 10:05:00,22.91997,68.84485,11.9,116.2,116.2,MT ARABIAN BREEZE,9077123,VT123,81,0,180,32,11.5,80
419077123,2026-09-04 10:10:00,22.91198,68.85988,11.4,120.3,120.3,MT ARABIAN BREEZE,9077123,VT123,81,0,180,32,11.5,80
419077123,2026-09-04 10:15:00,22.90398,68.87491,11.6,119.4,119.4,MT ARABIAN BREEZE,9077123,VT123,81,0,180,32,11.5,80
419077123,2026-09-04 10:20:00,22.89599,68.88994,11.0,120.5,120.5,MT ARABIAN BREEZE,9077123,VT123,81,0,180,32,11.5,80
419077123,2026-09-04 10:25:00,22.88799,68.90497,12.0,117.7,117.7,MT ARABIAN BREEZE,9077123,VT123,81,0,180,32,11.5,80
419077123,2026-09-04 10:30:00,22.88,68.92,11.8,119.5,119.5,MT ARABIAN BREEZE,9077123,VT123,81,0,180,32,11.5,80
419077123,2026-09-04 10:35:00,22.87201,68.93503,11.5,118.4,118.4,MT ARABIAN BREEZE,9077123,VT123,81,0,180,32,11.5,80
419077123,2026-09-04 10:40:00,22.86401,68.95006,11.4,122.0,122.0,MT ARABIAN BREEZE,9077123,VT123,81,0,180,32,11.5,80
419077123,2026-09-04 10:45:00,22.85602,68.96509,11.7,122.6,122.6,MT ARABIAN BREEZE,9077123,VT123,81,0,180,32,11.5,80
419077123,2026-09-04 10:50:00,22.84802,68.98012,11.9,120.7,120.7,MT ARABIAN BREEZE,9077123,VT123,81,0,180,32,11.5,80
419077123,2026-09-04 10:55:00,22.84003,68.99515,12.0,120.7,120.7,MT ARABIAN BREEZE,9077123,VT123,81,0,180,32,11.5,80
419077123,2026-09-04 11:00:00,22.83203,69.01018,11.7,119.6,119.6,MT ARABIAN BREEZE,9077123,VT123,81,0,180,32,11.5,80
419077123,2026-09-04 11:05:00,22.82404,69.02521,11.5,119.0,119.0,MT ARABIAN BREEZE,9077123,VT123,81,0,180,32,11.5,80
419077123,2026-09-04 11:10:00,22.81604,69.04024,11.8,118.2,118.2,MT ARABIAN BREEZE,9077123,VT123,81,0,180,32,11.5,80
419077123,2026-09-04 11:15:00,22.80805,69.05527,11.7,119.7,119.7,MT ARABIAN BREEZE,9077123,VT123,81,0,180,32,11.5,80
419077123,2026-09-04 11:20:00,22.80005,69.0703,11.9,121.1,121.1,MT ARABIAN BREEZE,9077123,VT123,81,0,180,32,11.5,80
419077123,2026-09-04 11:25:00,22.79206,69.08533,12.0,121.1,121.1,MT ARABIAN BREEZE,9077123,VT123,81,0,180,32,11.5,80
419077123,2026-09-04 11:30:00,22.78406,69.10036,11.0,119.9,119.9,MT ARABIAN BREEZE,9077123,VT123,81,0,180,32,11.5,80
419077123,2026-09-04 11:35:00,22.77607,69.11539,11.1,119.2,119.2,MT ARABIAN BREEZE,9077123,VT123,81,0,180,32,11.5,80
419077123,2026-09-04 11:40:00,22.76807,69.13042,12.0,121.0,121.0,MT ARABIAN BREEZE,9077123,VT123,81,0,180,32,11.5,80
419077123,2026-09-04 11:45:00,22.76008,69.14545,11.3,118.5,118.5,MT ARABIAN BREEZE,9077123,VT123,81,0,180,32,11.5,80
419077123,2026-09-04 11:50:00,22.75208,69.16048,11.5,118.2,118.2,MT ARABIAN BREEZE,9077123,VT123,81,0,180,32,11.5,80
419077123,2026-09-04 11:55:00,22.74409,69.17551,11.3,120.5,120.5,MT ARABIAN BREEZE,9077123,VT123,81,0,180,32,11.5,80
419077123,2026-09-04 12:00:00,22.73609,69.19054,11.8,120.9,120.9,MT ARABIAN BREEZE,9077123,VT123,81,0,180,32,11.5,80
419077123,2026-09-04 12:05:00,22.7281,69.20557,10.8,120.5,120.5,MT ARABIAN BREEZE,9077123,VT123,81,0,180,32,11.5,80
419077123,2026-09-04 12:10:00,22.72011,69.2206,11.5,120.6,120.6,MT ARABIAN BREEZE,9077123,VT123,81,0,180,32,11.5,80
419077123,2026-09-04 12:15:00,22.71211,69.23563,12.0,116.9,116.9,MT ARABIAN BREEZE,9077123,VT123,81,0,180,32,11.5,80
419077123,2026-09-04 12:20:00,22.70412,69.25066,11.3,120.9,120.9,MT ARABIAN BREEZE,9077123,VT123,81,0,180,32,11.5,80
419077123,2026-09-04 12:25:00,22.69612,69.26569,11.0,122.2,122.2,MT ARABIAN BREEZE,9077123,VT123,81,0,180,32,11.5,80
419077123,2026-09-04 12:30:00,22.68813,69.28072,11.6,121.3,121.3,MT ARABIAN BREEZE,9077123,VT123,81,0,180,32,11.5,80
419077123,2026-09-04 12:35:00,22.68013,69.29575,11.3,121.2,121.2,MT ARABIAN BREEZE,9077123,VT123,81,0,180,32,11.5,80
419077123,2026-09-04 12:40:00,22.67214,69.31078,11.8,120.3,120.3,MT ARABIAN BREEZE,9077123,VT123,81,0,180,32,11.5,80
419077123,2026-09-04 12:45:00,22.66414,69.32581,11.6,120.4,120.4,MT ARABIAN BREEZE,9077123,VT123,81,0,180,32,11.5,80
419077123,2026-09-04 12:50:00,22.65615,69.34084,11.2,119.8,119.8,MT ARABIAN BREEZE,9077123,VT123,81,0,180,32,11.5,80
419077123,2026-09-04 12:55:00,22.64815,69.35587,11.5,120.6,120.6,MT ARABIAN BREEZE,9077123,VT123,81,0,180,32,11.5,80
419077123,2026-09-04 13:00:00,22.64016,69.3709,11.8,118.4,118.4,MT ARABIAN BREEZE,9077123,VT123,81,0,180,32,11.5,80
419077123,2026-09-04 13:05:00,22.63216,69.38592,11.5,122.2,122.2,MT ARABIAN BREEZE,9077123,VT123,81,0,180,32,11.5,80
419077123,2026-09-04 13:10:00,22.62417,69.40095,11.3,118.8,118.8,MT ARABIAN BREEZE,9077123,VT123,81,0,180,32,11.5,80
419077123,2026-09-04 13:15:00,22.61617,69.41598,11.6,121.3,121.3,MT ARABIAN BREEZE,9077123,VT123,81,0,180,32,11.5,80
419077123,2026-09-04 13:20:00,22.60818,69.43101,11.5,122.0,122.0,MT ARABIAN BREEZE,9077123,VT123,81,0,180,32,11.5,80
419077123,2026-09-04 13:25:00,22.60018,69.44604,11.8,121.3,121.3,MT ARABIAN BREEZE,9077123,VT123,81,0,180,32,11.5,80
419077123,2026-09-04 13:30:00,22.59219,69.46107,11.7,123.5,123.5,MT ARABIAN BREEZE,9077123,VT123,81,0,180,32,11.5,80
419077123,2026-09-04 13:35:00,22.58419,69.4761,11.4,117.0,117.0,MT ARABIAN BREEZE,9077123,VT123,81,0,180,32,11.5,80
419077123,2026-09-04 13:40:00,22.5762,69.49113,12.0,119.3,119.3,MT ARABIAN BREEZE,9077123,VT123,81,0,180,32,11.5,80
419077123,2026-09-04 13:45:00,22.5682,69.50616,11.5,122.0,122.0,MT ARABIAN BREEZE,9077123,VT123,81,0,180,32,11.5,80
419077123,2026-09-04 13:50:00,22.56021,69.52119,11.0,118.1,118.1,MT ARABIAN BREEZE,9077123,VT123,81,0,180,32,11.5,80
419077123,2026-09-04 13:55:00,22.55222,69.53622,11.0,118.8,118.8,MT ARABIAN BREEZE,9077123,VT123,81,0,180,32,11.5,80
419077123,2026-09-04 14:00:00,22.54422,69.55125,11.6,120.8,120.8,MT ARABIAN BREEZE,9077123,VT123,81,0,180,32,11.5,80
419065432,2026-09-04 06:00:00,22.86645,70.14186,12.1,257.9,257.9,MV KUTCH GLORY,9065432,VT432,70,0,180,32,11.5,70
419065432,2026-09-04 06:05:00,22.86356,70.12405,11.3,260.1,260.1,MV KUTCH GLORY,9065432,VT432,70,0,180,32,11.5,70
419065432,2026-09-04 06:10:00,22.86066,70.10623,11.9,260.7,260.7,MV KUTCH GLORY,9065432,VT432,70,0,180,32,11.5,70
419065432,2026-09-04 06:15:00,22.85776,70.08842,12.2,260.2,260.2,MV KUTCH GLORY,9065432,VT432,70,0,180,32,11.5,70
419065432,2026-09-04 06:20:00,22.85486,70.07061,12.2,260.3,260.3,MV KUTCH GLORY,9065432,VT432,70,0,180,32,11.5,70
419065432,2026-09-04 06:25:00,22.85197,70.0528,12.2,258.9,258.9,MV KUTCH GLORY,9065432,VT432,70,0,180,32,11.5,70
419065432,2026-09-04 06:30:00,22.84907,70.03498,11.9,260.3,260.3,MV KUTCH GLORY,9065432,VT432,70,0,180,32,11.5,70
419065432,2026-09-04 06:35:00,22.84617,70.01717,12.2,259.4,259.4,MV KUTCH GLORY,9065432,VT432,70,0,180,32,11.5,70
419065432,2026-09-04 06:40:00,22.84327,69.99936,12.2,259.6,259.6,MV KUTCH GLORY,9065432,VT432,70,0,180,32,11.5,70
419065432,2026-09-04 06:45:00,22.84038,69.98155,12.0,261.2,261.2,MV KUTCH GLORY,9065432,VT432,70,0,180,32,11.5,70
419065432,2026-09-04 06:50:00,22.83748,69.96374,11.4,258.1,258.1,MV KUTCH GLORY,9065432,VT432,70,0,180,32,11.5,70
419065432,2026-09-04 06:55:00,22.83458,69.94592,11.6,256.5,256.5,MV KUTCH GLORY,9065432,VT432,70,0,180,32,11.5,70
419065432,2026-09-04 07:00:00,22.83169,69.92811,11.8,261.1,261.1,MV KUTCH GLORY,9065432,VT432,70,0,180,32,11.5,70
419065432,2026-09-04 07:05:00,22.82879,69.9103,11.9,260.3,260.3,MV KUTCH GLORY,9065432,VT432,70,0,180,32,11.5,70
419065432,2026-09-04 07:10:00,22.82589,69.89249,12.3,262.0,262.0,MV KUTCH GLORY,9065432,VT432,70,0,180,32,11.5,70
419065432,2026-09-04 07:15:00,22.82299,69.87467,12.0,262.0,262.0,MV KUTCH GLORY,9065432,VT432,70,0,180,32,11.5,70
419065432,2026-09-04 07:20:00,22.8201,69.85686,12.0,258.7,258.7,MV KUTCH GLORY,9065432,VT432,70,0,180,32,11.5,70
419065432,2026-09-04 07:25:00,22.8172,69.83905,11.8,257.8,257.8,MV KUTCH GLORY,9065432,VT432,70,0,180,32,11.5,70
419065432,2026-09-04 07:30:00,22.8143,69.82124,11.7,259.5,259.5,MV KUTCH GLORY,9065432,VT432,70,0,180,32,11.5,70
419065432,2026-09-04 07:35:00,22.8114,69.80343,12.2,262.6,262.6,MV KUTCH GLORY,9065432,VT432,70,0,180,32,11.5,70
419065432,2026-09-04 07:40:00,22.80851,69.78561,11.6,260.6,260.6,MV KUTCH GLORY,9065432,VT432,70,0,180,32,11.5,70
419065432,2026-09-04 07:45:00,22.80561,69.7678,11.7,260.7,260.7,MV KUTCH GLORY,9065432,VT432,70,0,180,32,11.5,70
419065432,2026-09-04 07:50:00,22.80271,69.74999,12.0,257.3,257.3,MV KUTCH GLORY,9065432,VT432,70,0,180,32,11.5,70
419065432,2026-09-04 07:55:00,22.79982,69.73218,12.3,259.1,259.1,MV KUTCH GLORY,9065432,VT432,70,0,180,32,11.5,70
419065432,2026-09-04 08:00:00,22.79692,69.71437,11.8,258.4,258.4,MV KUTCH GLORY,9065432,VT432,70,0,180,32,11.5,70
419065432,2026-09-04 08:05:00,22.79402,69.69655,11.8,260.6,260.6,MV KUTCH GLORY,9065432,VT432,70,0,180,32,11.5,70
419065432,2026-09-04 08:10:00,22.79112,69.67874,11.9,260.5,260.5,MV KUTCH GLORY,9065432,VT432,70,0,180,32,11.5,70
419065432,2026-09-04 08:15:00,22.78823,69.66093,12.1,262.0,262.0,MV KUTCH GLORY,9065432,VT432,70,0,180,32,11.5,70
419065432,2026-09-04 08:20:00,22.78533,69.64312,11.9,257.8,257.8,MV KUTCH GLORY,9065432,VT432,70,0,180,32,11.5,70
419065432,2026-09-04 08:25:00,22.78243,69.6253,12.3,259.5,259.5,MV KUTCH GLORY,9065432,VT432,70,0,180,32,11.5,70
419065432,2026-09-04 08:30:00,22.77953,69.60749,12.3,260.6,260.6,MV KUTCH GLORY,9065432,VT432,70,0,180,32,11.5,70
419065432,2026-09-04 08:35:00,22.77664,69.58968,12.0,260.5,260.5,MV KUTCH GLORY,9065432,VT432,70,0,180,32,11.5,70
419065432,2026-09-04 08:40:00,22.77374,69.57187,12.6,263.1,263.1,MV KUTCH GLORY,9065432,VT432,70,0,180,32,11.5,70
419065432,2026-09-04 08:45:00,22.77084,69.55406,12.0,260.2,260.2,MV KUTCH GLORY,9065432,VT432,70,0,180,32,11.5,70
419065432,2026-09-04 08:50:00,22.76795,69.53624,12.3,258.7,258.7,MV KUTCH GLORY,9065432,VT432,70,0,180,32,11.5,70
419065432,2026-09-04 08:55:00,22.76505,69.51843,12.1,260.0,260.0,MV KUTCH GLORY,9065432,VT432,70,0,180,32,11.5,70
419065432,2026-09-04 09:00:00,22.76215,69.50062,12.1,258.7,258.7,MV KUTCH GLORY,9065432,VT432,70,0,180,32,11.5,70
419065432,2026-09-04 09:05:00,22.75925,69.48281,11.5,256.9,256.9,MV KUTCH GLORY,9065432,VT432,70,0,180,32,11.5,70
419065432,2026-09-04 09:10:00,22.75636,69.46499,11.7,259.3,259.3,MV KUTCH GLORY,9065432,VT432,70,0,180,32,11.5,70
419065432,2026-09-04 09:15:00,22.75346,69.44718,11.9,262.9,262.9,MV KUTCH GLORY,9065432,VT432,70,0,180,32,11.5,70
419065432,2026-09-04 09:20:00,22.75056,69.42937,12.3,258.6,258.6,MV KUTCH GLORY,9065432,VT432,70,0,180,32,11.5,70
419065432,2026-09-04 09:25:00,22.74766,69.41156,12.1,259.4,259.4,MV KUTCH GLORY,9065432,VT432,70,0,180,32,11.5,70
419065432,2026-09-04 09:30:00,22.74477,69.39375,11.9,260.3,260.3,MV KUTCH GLORY,9065432,VT432,70,0,180,32,11.5,70
419065432,2026-09-04 09:35:00,22.74187,69.37593,12.2,259.5,259.5,MV KUTCH GLORY,9065432,VT432,70,0,180,32,11.5,70
419065432,2026-09-04 09:40:00,22.73897,69.35812,12.3,258.3,258.3,MV KUTCH GLORY,9065432,VT432,70,0,180,32,11.5,70
419065432,2026-09-04 09:45:00,22.73608,69.34031,12.0,263.9,263.9,MV KUTCH GLORY,9065432,VT432,70,0,180,32,11.5,70
419065432,2026-09-04 09:50:00,22.73318,69.3225,12.1,262.1,262.1,MV KUTCH GLORY,9065432,VT432,70,0,180,32,11.5,70
419065432,2026-09-04 09:55:00,22.73028,69.30469,12.0,260.9,260.9,MV KUTCH GLORY,9065432,VT432,70,0,180,32,11.5,70
419065432,2026-09-04 10:00:00,22.72738,69.28687,12.0,259.7,259.7,MV KUTCH GLORY,9065432,VT432,70,0,180,32,11.5,70
419065432,2026-09-04 10:05:00,22.72449,69.26906,11.8,260.6,260.6,MV KUTCH GLORY,9065432,VT432,70,0,180,32,11.5,70
419065432,2026-09-04 10:10:00,22.72159,69.25125,11.7,261.0,261.0,MV KUTCH GLORY,9065432,VT432,70,0,180,32,11.5,70
419065432,2026-09-04 10:15:00,22.71869,69.23344,12.3,260.5,260.5,MV KUTCH GLORY,9065432,VT432,70,0,180,32,11.5,70
419065432,2026-09-04 10:20:00,22.71579,69.21562,11.9,260.7,260.7,MV KUTCH GLORY,9065432,VT432,70,0,180,32,11.5,70
419065432,2026-09-04 10:25:00,22.7129,69.19781,11.9,261.4,261.4,MV KUTCH GLORY,9065432,VT432,70,0,180,32,11.5,70
419065432,2026-09-04 10:30:00,22.71,69.18,11.5,259.5,259.5,MV KUTCH GLORY,9065432,VT432,70,0,180,32,11.5,70
419065432,2026-09-04 10:35:00,22.7071,69.16219,11.4,257.8,257.8,MV KUTCH GLORY,9065432,VT432,70,0,180,32,11.5,70
419065432,2026-09-04 10:40:00,22.70421,69.14438,12.4,261.3,261.3,MV KUTCH GLORY,9065432,VT432,70,0,180,32,11.5,70
419065432,2026-09-04 10:45:00,22.70131,69.12656,11.8,257.7,257.7,MV KUTCH GLORY,9065432,VT432,70,0,180,32,11.5,70
419065432,2026-09-04 10:50:00,22.69841,69.10875,11.1,259.2,259.2,MV KUTCH GLORY,9065432,VT432,70,0,180,32,11.5,70
419065432,2026-09-04 10:55:00,22.69551,69.09094,12.7,260.7,260.7,MV KUTCH GLORY,9065432,VT432,70,0,180,32,11.5,70
419065432,2026-09-04 11:00:00,22.69262,69.07313,11.8,260.7,260.7,MV KUTCH GLORY,9065432,VT432,70,0,180,32,11.5,70
419065432,2026-09-04 11:05:00,22.68972,69.05531,11.5,259.6,259.6,MV KUTCH GLORY,9065432,VT432,70,0,180,32,11.5,70
419065432,2026-09-04 11:10:00,22.68682,69.0375,12.0,259.9,259.9,MV KUTCH GLORY,9065432,VT432,70,0,180,32,11.5,70
419065432,2026-09-04 11:15:00,22.68392,69.01969,12.2,260.5,260.5,MV KUTCH GLORY,9065432,VT432,70,0,180,32,11.5,70
419065432,2026-09-04 11:20:00,22.68103,69.00188,12.2,259.0,259.0,MV KUTCH GLORY,9065432,VT432,70,0,180,32,11.5,70
419065432,2026-09-04 11:25:00,22.67813,68.98407,12.3,262.4,262.4,MV KUTCH GLORY,9065432,VT432,70,0,180,32,11.5,70
419065432,2026-09-04 11:30:00,22.67523,68.96625,11.7,258.7,258.7,MV KUTCH GLORY,9065432,VT432,70,0,180,32,11.5,70
419065432,2026-09-04 11:35:00,22.67234,68.94844,12.4,259.7,259.7,MV KUTCH GLORY,9065432,VT432,70,0,180,32,11.5,70
419065432,2026-09-04 11:40:00,22.66944,68.93063,12.4,259.3,259.3,MV KUTCH GLORY,9065432,VT432,70,0,180,32,11.5,70
419065432,2026-09-04 11:45:00,22.66654,68.91282,12.4,260.2,260.2,MV KUTCH GLORY,9065432,VT432,70,0,180,32,11.5,70
419065432,2026-09-04 11:50:00,22.66364,68.89501,12.1,262.3,262.3,MV KUTCH GLORY,9065432,VT432,70,0,180,32,11.5,70
419065432,2026-09-04 11:55:00,22.66075,68.87719,11.9,258.6,258.6,MV KUTCH GLORY,9065432,VT432,70,0,180,32,11.5,70
419065432,2026-09-04 12:00:00,22.65785,68.85938,11.9,260.7,260.7,MV KUTCH GLORY,9065432,VT432,70,0,180,32,11.5,70
419065432,2026-09-04 12:05:00,22.65495,68.84157,11.5,261.0,261.0,MV KUTCH GLORY,9065432,VT432,70,0,180,32,11.5,70
419065432,2026-09-04 12:10:00,22.65205,68.82376,11.8,261.7,261.7,MV KUTCH GLORY,9065432,VT432,70,0,180,32,11.5,70
419065432,2026-09-04 12:15:00,22.64916,68.80594,11.3,258.8,258.8,MV KUTCH GLORY,9065432,VT432,70,0,180,32,11.5,70
419065432,2026-09-04 12:20:00,22.64626,68.78813,11.5,258.8,258.8,MV KUTCH GLORY,9065432,VT432,70,0,180,32,11.5,70
419065432,2026-09-04 12:25:00,22.64336,68.77032,12.1,259.7,259.7,MV KUTCH GLORY,9065432,VT432,70,0,180,32,11.5,70
419065432,2026-09-04 12:30:00,22.64047,68.75251,11.9,259.8,259.8,MV KUTCH GLORY,9065432,VT432,70,0,180,32,11.5,70
419065432,2026-09-04 12:35:00,22.63757,68.7347,12.1,258.5,258.5,MV KUTCH GLORY,9065432,VT432,70,0,180,32,11.5,70
419065432,2026-09-04 12:40:00,22.63467,68.71688,12.2,261.0,261.0,MV KUTCH GLORY,9065432,VT432,70,0,180,32,11.5,70
419065432,2026-09-04 12:45:00,22.63177,68.69907,12.1,260.8,260.8,MV KUTCH GLORY,9065432,VT432,70,0,180,32,11.5,70
419065432,2026-09-04 12:50:00,22.62888,68.68126,12.1,263.1,263.1,MV KUTCH GLORY,9065432,VT432,70,0,180,32,11.5,70
419065432,2026-09-04 12:55:00,22.62598,68.66345,12.0,259.5,259.5,MV KUTCH GLORY,9065432,VT432,70,0,180,32,11.5,70
419065432,2026-09-04 13:00:00,22.62308,68.64563,11.8,258.5,258.5,MV KUTCH GLORY,9065432,VT432,70,0,180,32,11.5,70
419065432,2026-09-04 13:05:00,22.62018,68.62782,11.6,258.7,258.7,MV KUTCH GLORY,9065432,VT432,70,0,180,32,11.5,70
419065432,2026-09-04 13:10:00,22.61729,68.61001,12.0,260.5,260.5,MV KUTCH GLORY,9065432,VT432,70,0,180,32,11.5,70
419065432,2026-09-04 13:15:00,22.61439,68.5922,12.0,258.9,258.9,MV KUTCH GLORY,9065432,VT432,70,0,180,32,11.5,70
419065432,2026-09-04 13:20:00,22.61149,68.57439,12.3,261.1,261.1,MV KUTCH GLORY,9065432,VT432,70,0,180,32,11.5,70
419065432,2026-09-04 13:25:00,22.6086,68.55657,12.0,259.0,259.0,MV KUTCH GLORY,9065432,VT432,70,0,180,32,11.5,70
419065432,2026-09-04 13:30:00,22.6057,68.53876,12.2,260.3,260.3,MV KUTCH GLORY,9065432,VT432,70,0,180,32,11.5,70
419065432,2026-09-04 13:35:00,22.6028,68.52095,11.6,259.9,259.9,MV KUTCH GLORY,9065432,VT432,70,0,180,32,11.5,70
419065432,2026-09-04 13:40:00,22.5999,68.50314,12.1,258.7,258.7,MV KUTCH GLORY,9065432,VT432,70,0,180,32,11.5,70
419065432,2026-09-04 13:45:00,22.59701,68.48533,12.1,257.8,257.8,MV KUTCH GLORY,9065432,VT432,70,0,180,32,11.5,70
419065432,2026-09-04 13:50:00,22.59411,68.46751,12.4,261.9,261.9,MV KUTCH GLORY,9065432,VT432,70,0,180,32,11.5,70
419065432,2026-09-04 13:55:00,22.59121,68.4497,11.9,260.5,260.5,MV KUTCH GLORY,9065432,VT432,70,0,180,32,11.5,70
419065432,2026-09-04 14:00:00,22.58831,68.43189,11.3,258.3,258.3,MV KUTCH GLORY,9065432,VT432,70,0,180,32,11.5,70
419054321,2026-09-04 06:00:00,22.31103,70.25913,13.1,288.4,288.4,MV DWARKA STAR,9054321,VT321,71,0,180,32,11.5,70
419054321,2026-09-04 06:05:00,22.31731,70.24044,13.4,293.0,293.0,MV DWARKA STAR,9054321,VT321,71,0,180,32,11.5,70
419054321,2026-09-04 06:10:00,22.32359,70.22176,12.8,288.7,288.7,MV DWARKA STAR,9054321,VT321,71,0,180,32,11.5,70
419054321,2026-09-04 06:15:00,22.32987,70.20307,13.3,292.4,292.4,MV DWARKA STAR,9054321,VT321,71,0,180,32,11.5,70
419054321,2026-09-04 06:20:00,22.33614,70.18438,12.8,290.4,290.4,MV DWARKA STAR,9054321,VT321,71,0,180,32,11.5,70
419054321,2026-09-04 06:25:00,22.34242,70.16569,13.7,287.5,287.5,MV DWARKA STAR,9054321,VT321,71,0,180,32,11.5,70
419054321,2026-09-04 06:30:00,22.3487,70.14701,12.8,289.4,289.4,MV DWARKA STAR,9054321,VT321,71,0,180,32,11.5,70
419054321,2026-09-04 06:35:00,22.35497,70.12832,13.0,291.2,291.2,MV DWARKA STAR,9054321,VT321,71,0,180,32,11.5,70
419054321,2026-09-04 06:40:00,22.36125,70.10963,13.3,287.3,287.3,MV DWARKA STAR,9054321,VT321,71,0,180,32,11.5,70
419054321,2026-09-04 06:45:00,22.36753,70.09094,13.4,289.1,289.1,MV DWARKA STAR,9054321,VT321,71,0,180,32,11.5,70
419054321,2026-09-04 06:50:00,22.37381,70.07226,13.6,289.1,289.1,MV DWARKA STAR,9054321,VT321,71,0,180,32,11.5,70
419054321,2026-09-04 06:55:00,22.38008,70.05357,13.0,290.8,290.8,MV DWARKA STAR,9054321,VT321,71,0,180,32,11.5,70
419054321,2026-09-04 07:00:00,22.38636,70.03488,13.4,290.7,290.7,MV DWARKA STAR,9054321,VT321,71,0,180,32,11.5,70
419054321,2026-09-04 07:05:00,22.39264,70.01619,12.7,290.8,290.8,MV DWARKA STAR,9054321,VT321,71,0,180,32,11.5,70
419054321,2026-09-04 07:10:00,22.39891,69.9975,12.9,290.4,290.4,MV DWARKA STAR,9054321,VT321,71,0,180,32,11.5,70
419054321,2026-09-04 07:15:00,22.40519,69.97882,12.8,290.7,290.7,MV DWARKA STAR,9054321,VT321,71,0,180,32,11.5,70
419054321,2026-09-04 07:20:00,22.41147,69.96013,13.0,288.1,288.1,MV DWARKA STAR,9054321,VT321,71,0,180,32,11.5,70
419054321,2026-09-04 07:25:00,22.41775,69.94144,13.4,290.4,290.4,MV DWARKA STAR,9054321,VT321,71,0,180,32,11.5,70
419054321,2026-09-04 07:30:00,22.42402,69.92275,13.0,292.2,292.2,MV DWARKA STAR,9054321,VT321,71,0,180,32,11.5,70
419054321,2026-09-04 07:35:00,22.4303,69.90407,13.1,290.0,290.0,MV DWARKA STAR,9054321,VT321,71,0,180,32,11.5,70
419054321,2026-09-04 07:40:00,22.43658,69.88538,13.3,289.1,289.1,MV DWARKA STAR,9054321,VT321,71,0,180,32,11.5,70
419054321,2026-09-04 07:45:00,22.44285,69.86669,13.3,289.2,289.2,MV DWARKA STAR,9054321,VT321,71,0,180,32,11.5,70
419054321,2026-09-04 07:50:00,22.44913,69.848,13.1,292.0,292.0,MV DWARKA STAR,9054321,VT321,71,0,180,32,11.5,70
419054321,2026-09-04 07:55:00,22.45541,69.82932,12.9,286.4,286.4,MV DWARKA STAR,9054321,VT321,71,0,180,32,11.5,70
419054321,2026-09-04 08:00:00,22.46169,69.81063,13.7,293.8,293.8,MV DWARKA STAR,9054321,VT321,71,0,180,32,11.5,70
419054321,2026-09-04 08:05:00,22.46796,69.79194,13.1,287.1,287.1,MV DWARKA STAR,9054321,VT321,71,0,180,32,11.5,70
419054321,2026-09-04 08:10:00,22.47424,69.77325,13.1,289.6,289.6,MV DWARKA STAR,9054321,VT321,71,0,180,32,11.5,70
419054321,2026-09-04 08:15:00,22.48052,69.75457,13.1,288.3,288.3,MV DWARKA STAR,9054321,VT321,71,0,180,32,11.5,70
419054321,2026-09-04 08:20:00,22.48679,69.73588,13.4,290.8,290.8,MV DWARKA STAR,9054321,VT321,71,0,180,32,11.5,70
419054321,2026-09-04 08:25:00,22.49307,69.71719,12.8,291.0,291.0,MV DWARKA STAR,9054321,VT321,71,0,180,32,11.5,70
419054321,2026-09-04 08:30:00,22.49935,69.6985,13.8,290.3,290.3,MV DWARKA STAR,9054321,VT321,71,0,180,32,11.5,70
419054321,2026-09-04 08:35:00,22.50563,69.67982,13.1,289.8,289.8,MV DWARKA STAR,9054321,VT321,71,0,180,32,11.5,70
419054321,2026-09-04 08:40:00,22.5119,69.66113,13.4,287.4,287.4,MV DWARKA STAR,9054321,VT321,71,0,180,32,11.5,70
419054321,2026-09-04 08:45:00,22.51818,69.64244,13.2,289.4,289.4,MV DWARKA STAR,9054321,VT321,71,0,180,32,11.5,70
419054321,2026-09-04 08:50:00,22.52446,69.62375,13.8,289.7,289.7,MV DWARKA STAR,9054321,VT321,71,0,180,32,11.5,70
419054321,2026-09-04 08:55:00,22.53073,69.60506,13.7,288.3,288.3,MV DWARKA STAR,9054321,VT321,71,0,180,32,11.5,70
419054321,2026-09-04 09:00:00,22.53701,69.58638,13.4,290.5,290.5,MV DWARKA STAR,9054321,VT321,71,0,180,32,11.5,70
419054321,2026-09-04 09:05:00,22.54329,69.56769,12.9,290.3,290.3,MV DWARKA STAR,9054321,VT321,71,0,180,32,11.5,70
419054321,2026-09-04 09:10:00,22.54957,69.549,13.6,289.5,289.5,MV DWARKA STAR,9054321,VT321,71,0,180,32,11.5,70
419054321,2026-09-04 09:15:00,22.55584,69.53031,12.7,290.0,290.0,MV DWARKA STAR,9054321,VT321,71,0,180,32,11.5,70
419054321,2026-09-04 09:20:00,22.56212,69.51163,12.9,289.5,289.5,MV DWARKA STAR,9054321,VT321,71,0,180,32,11.5,70
419054321,2026-09-04 09:25:00,22.5684,69.49294,13.2,287.4,287.4,MV DWARKA STAR,9054321,VT321,71,0,180,32,11.5,70
419054321,2026-09-04 09:30:00,22.57467,69.47425,12.7,290.7,290.7,MV DWARKA STAR,9054321,VT321,71,0,180,32,11.5,70
419054321,2026-09-04 09:35:00,22.58095,69.45556,13.0,286.2,286.2,MV DWARKA STAR,9054321,VT321,71,0,180,32,11.5,70
419054321,2026-09-04 09:40:00,22.58723,69.43688,13.4,290.4,290.4,MV DWARKA STAR,9054321,VT321,71,0,180,32,11.5,70
419054321,2026-09-04 09:45:00,22.59351,69.41819,13.0,288.0,288.0,MV DWARKA STAR,9054321,VT321,71,0,180,32,11.5,70
419054321,2026-09-04 09:50:00,22.59978,69.3995,13.5,290.5,290.5,MV DWARKA STAR,9054321,VT321,71,0,180,32,11.5,70
419054321,2026-09-04 09:55:00,22.60606,69.38081,13.9,290.6,290.6,MV DWARKA STAR,9054321,VT321,71,0,180,32,11.5,70
419054321,2026-09-04 10:00:00,22.61234,69.36213,13.3,289.7,289.7,MV DWARKA STAR,9054321,VT321,71,0,180,32,11.5,70
419054321,2026-09-04 10:05:00,22.61861,69.34344,13.4,290.9,290.9,MV DWARKA STAR,9054321,VT321,71,0,180,32,11.5,70
419054321,2026-09-04 10:10:00,22.62489,69.32475,13.6,289.2,289.2,MV DWARKA STAR,9054321,VT321,71,0,180,32,11.5,70
419054321,2026-09-04 10:15:00,22.63117,69.30606,13.1,289.3,289.3,MV DWARKA STAR,9054321,VT321,71,0,180,32,11.5,70
419054321,2026-09-04 10:20:00,22.63745,69.28738,13.4,292.2,292.2,MV DWARKA STAR,9054321,VT321,71,0,180,32,11.5,70
419054321,2026-09-04 10:25:00,22.64372,69.26869,13.1,289.4,289.4,MV DWARKA STAR,9054321,VT321,71,0,180,32,11.5,70
419054321,2026-09-04 10:30:00,22.65,69.25,13.3,289.6,289.6,MV DWARKA STAR,9054321,VT321,71,0,180,32,11.5,70
419054321,2026-09-04 10:35:00,22.65628,69.23131,13.5,286.6,286.6,MV DWARKA STAR,9054321,VT321,71,0,180,32,11.5,70
419054321,2026-09-04 10:40:00,22.66255,69.21262,13.0,288.8,288.8,MV DWARKA STAR,9054321,VT321,71,0,180,32,11.5,70
419054321,2026-09-04 10:45:00,22.66883,69.19394,12.5,288.6,288.6,MV DWARKA STAR,9054321,VT321,71,0,180,32,11.5,70
419054321,2026-09-04 10:50:00,22.67511,69.17525,12.9,289.7,289.7,MV DWARKA STAR,9054321,VT321,71,0,180,32,11.5,70
419054321,2026-09-04 10:55:00,22.68139,69.15656,13.5,289.6,289.6,MV DWARKA STAR,9054321,VT321,71,0,180,32,11.5,70
419054321,2026-09-04 11:00:00,22.68766,69.13787,12.9,289.9,289.9,MV DWARKA STAR,9054321,VT321,71,0,180,32,11.5,70
419054321,2026-09-04 11:05:00,22.69394,69.11919,13.5,288.5,288.5,MV DWARKA STAR,9054321,VT321,71,0,180,32,11.5,70
419054321,2026-09-04 11:10:00,22.70022,69.1005,12.9,290.8,290.8,MV DWARKA STAR,9054321,VT321,71,0,180,32,11.5,70
419054321,2026-09-04 11:15:00,22.70649,69.08181,13.1,291.0,291.0,MV DWARKA STAR,9054321,VT321,71,0,180,32,11.5,70
419054321,2026-09-04 11:20:00,22.71277,69.06312,13.2,291.1,291.1,MV DWARKA STAR,9054321,VT321,71,0,180,32,11.5,70
419054321,2026-09-04 11:25:00,22.71905,69.04444,12.9,290.0,290.0,MV DWARKA STAR,9054321,VT321,71,0,180,32,11.5,70
419054321,2026-09-04 11:30:00,22.72533,69.02575,13.1,288.2,288.2,MV DWARKA STAR,9054321,VT321,71,0,180,32,11.5,70
419054321,2026-09-04 11:35:00,22.7316,69.00706,12.7,291.0,291.0,MV DWARKA STAR,9054321,VT321,71,0,180,32,11.5,70
419054321,2026-09-04 11:40:00,22.73788,68.98837,13.1,288.5,288.5,MV DWARKA STAR,9054321,VT321,71,0,180,32,11.5,70
419054321,2026-09-04 11:45:00,22.74416,68.96969,13.2,291.7,291.7,MV DWARKA STAR,9054321,VT321,71,0,180,32,11.5,70
419054321,2026-09-04 11:50:00,22.75043,68.951,12.5,287.8,287.8,MV DWARKA STAR,9054321,VT321,71,0,180,32,11.5,70
419054321,2026-09-04 11:55:00,22.75671,68.93231,12.9,292.2,292.2,MV DWARKA STAR,9054321,VT321,71,0,180,32,11.5,70
419054321,2026-09-04 12:00:00,22.76299,68.91362,13.3,291.2,291.2,MV DWARKA STAR,9054321,VT321,71,0,180,32,11.5,70
419054321,2026-09-04 12:05:00,22.76927,68.89494,12.9,288.3,288.3,MV DWARKA STAR,9054321,VT321,71,0,180,32,11.5,70
419054321,2026-09-04 12:10:00,22.77554,68.87625,13.3,290.1,290.1,MV DWARKA STAR,9054321,VT321,71,0,180,32,11.5,70
419054321,2026-09-04 12:15:00,22.78182,68.85756,13.4,289.7,289.7,MV DWARKA STAR,9054321,VT321,71,0,180,32,11.5,70
419054321,2026-09-04 12:20:00,22.7881,68.83887,13.3,290.2,290.2,MV DWARKA STAR,9054321,VT321,71,0,180,32,11.5,70
419054321,2026-09-04 12:25:00,22.79437,68.82018,13.4,291.2,291.2,MV DWARKA STAR,9054321,VT321,71,0,180,32,11.5,70
419054321,2026-09-04 12:30:00,22.80065,68.8015,12.7,286.6,286.6,MV DWARKA STAR,9054321,VT321,71,0,180,32,11.5,70
419054321,2026-09-04 12:35:00,22.80693,68.78281,13.5,291.8,291.8,MV DWARKA STAR,9054321,VT321,71,0,180,32,11.5,70
419054321,2026-09-04 12:40:00,22.81321,68.76412,12.9,287.2,287.2,MV DWARKA STAR,9054321,VT321,71,0,180,32,11.5,70
419054321,2026-09-04 12:45:00,22.81948,68.74543,13.2,291.4,291.4,MV DWARKA STAR,9054321,VT321,71,0,180,32,11.5,70
419054321,2026-09-04 12:50:00,22.82576,68.72675,13.7,290.8,290.8,MV DWARKA STAR,9054321,VT321,71,0,180,32,11.5,70
419054321,2026-09-04 12:55:00,22.83204,68.70806,13.1,288.7,288.7,MV DWARKA STAR,9054321,VT321,71,0,180,32,11.5,70
419054321,2026-09-04 13:00:00,22.83831,68.68937,13.2,289.6,289.6,MV DWARKA STAR,9054321,VT321,71,0,180,32,11.5,70
419054321,2026-09-04 13:05:00,22.84459,68.67068,12.9,293.1,293.1,MV DWARKA STAR,9054321,VT321,71,0,180,32,11.5,70
419054321,2026-09-04 13:10:00,22.85087,68.652,13.7,291.7,291.7,MV DWARKA STAR,9054321,VT321,71,0,180,32,11.5,70
419054321,2026-09-04 13:15:00,22.85715,68.63331,12.9,291.3,291.3,MV DWARKA STAR,9054321,VT321,71,0,180,32,11.5,70
419054321,2026-09-04 13:20:00,22.86342,68.61462,13.4,290.7,290.7,MV DWARKA STAR,9054321,VT321,71,0,180,32,11.5,70
419054321,2026-09-04 13:25:00,22.8697,68.59593,13.6,291.0,291.0,MV DWARKA STAR,9054321,VT321,71,0,180,32,11.5,70
419054321,2026-09-04 13:30:00,22.87598,68.57725,13.4,291.0,291.0,MV DWARKA STAR,9054321,VT321,71,0,180,32,11.5,70
419054321,2026-09-04 13:35:00,22.88225,68.55856,13.3,287.3,287.3,MV DWARKA STAR,9054321,VT321,71,0,180,32,11.5,70
419054321,2026-09-04 13:40:00,22.88853,68.53987,13.2,289.2,289.2,MV DWARKA STAR,9054321,VT321,71,0,180,32,11.5,70
419054321,2026-09-04 13:45:00,22.89481,68.52118,12.8,292.5,292.5,MV DWARKA STAR,9054321,VT321,71,0,180,32,11.5,70
419054321,2026-09-04 13:50:00,22.90109,68.5025,13.7,292.0,292.0,MV DWARKA STAR,9054321,VT321,71,0,180,32,11.5,70
419054321,2026-09-04 13:55:00,22.90736,68.48381,13.3,292.0,292.0,MV DWARKA STAR,9054321,VT321,71,0,180,32,11.5,70
419054321,2026-09-04 14:00:00,22.91364,68.46512,13.2,290.3,290.3,MV DWARKA STAR,9054321,VT321,71,0,180,32,11.5,70
419043210,2026-09-04 06:00:00,22.72133,68.77912,4.2,80.6,80.6,SAGAR KANYA II,9043210,VT210,30,0,24,6,2.5,30
419043210,2026-09-04 06:05:00,22.72242,68.7858,4.5,78.0,78.0,SAGAR KANYA II,9043210,VT210,30,0,24,6,2.5,30
419043210,2026-09-04 06:10:00,22.7235,68.79248,4.5,79.9,79.9,SAGAR KANYA II,9043210,VT210,30,0,24,6,2.5,30
419043210,2026-09-04 06:15:00,22.72459,68.79917,5.0,81.3,81.3,SAGAR KANYA II,9043210,VT210,30,0,24,6,2.5,30
419043210,2026-09-04 06:20:00,22.72568,68.80585,4.5,80.4,80.4,SAGAR KANYA II,9043210,VT210,30,0,24,6,2.5,30
419043210,2026-09-04 06:25:00,22.72676,68.81253,4.5,79.7,79.7,SAGAR KANYA II,9043210,VT210,30,0,24,6,2.5,30
419043210,2026-09-04 06:30:00,22.72785,68.81922,4.2,79.8,79.8,SAGAR KANYA II,9043210,VT210,30,0,24,6,2.5,30
419043210,2026-09-04 06:35:00,22.72894,68.8259,4.3,78.1,78.1,SAGAR KANYA II,9043210,VT210,30,0,24,6,2.5,30
419043210,2026-09-04 06:40:00,22.73002,68.83258,4.7,80.6,80.6,SAGAR KANYA II,9043210,VT210,30,0,24,6,2.5,30
419043210,2026-09-04 06:45:00,22.73111,68.83927,4.0,79.8,79.8,SAGAR KANYA II,9043210,VT210,30,0,24,6,2.5,30
419043210,2026-09-04 06:50:00,22.7322,68.84595,4.8,81.6,81.6,SAGAR KANYA II,9043210,VT210,30,0,24,6,2.5,30
419043210,2026-09-04 06:55:00,22.73328,68.85263,4.8,80.1,80.1,SAGAR KANYA II,9043210,VT210,30,0,24,6,2.5,30
419043210,2026-09-04 07:00:00,22.73437,68.85931,4.2,78.4,78.4,SAGAR KANYA II,9043210,VT210,30,0,24,6,2.5,30
419043210,2026-09-04 07:05:00,22.73545,68.866,4.6,80.6,80.6,SAGAR KANYA II,9043210,VT210,30,0,24,6,2.5,30
419043210,2026-09-04 07:10:00,22.73654,68.87268,4.9,81.6,81.6,SAGAR KANYA II,9043210,VT210,30,0,24,6,2.5,30
419043210,2026-09-04 07:15:00,22.73763,68.87936,4.5,78.1,78.1,SAGAR KANYA II,9043210,VT210,30,0,24,6,2.5,30
419043210,2026-09-04 07:20:00,22.73871,68.88605,4.4,80.3,80.3,SAGAR KANYA II,9043210,VT210,30,0,24,6,2.5,30
419043210,2026-09-04 07:25:00,22.7398,68.89273,4.4,79.1,79.1,SAGAR KANYA II,9043210,VT210,30,0,24,6,2.5,30
419043210,2026-09-04 07:30:00,22.74089,68.89941,4.6,79.2,79.2,SAGAR KANYA II,9043210,VT210,30,0,24,6,2.5,30
419043210,2026-09-04 07:35:00,22.74197,68.9061,4.3,80.5,80.5,SAGAR KANYA II,9043210,VT210,30,0,24,6,2.5,30
419043210,2026-09-04 07:40:00,22.74306,68.91278,4.4,80.4,80.4,SAGAR KANYA II,9043210,VT210,30,0,24,6,2.5,30
419043210,2026-09-04 07:45:00,22.74415,68.91946,4.6,78.3,78.3,SAGAR KANYA II,9043210,VT210,30,0,24,6,2.5,30
419043210,2026-09-04 07:50:00,22.74523,68.92614,4.4,82.2,82.2,SAGAR KANYA II,9043210,VT210,30,0,24,6,2.5,30
419043210,2026-09-04 07:55:00,22.74632,68.93283,4.2,76.8,76.8,SAGAR KANYA II,9043210,VT210,30,0,24,6,2.5,30
419043210,2026-09-04 08:00:00,22.74741,68.93951,3.9,80.0,80.0,SAGAR KANYA II,9043210,VT210,30,0,24,6,2.5,30
419043210,2026-09-04 08:05:00,22.74849,68.94619,4.5,79.8,79.8,SAGAR KANYA II,9043210,VT210,30,0,24,6,2.5,30
419043210,2026-09-04 08:10:00,22.74958,68.95288,4.9,76.0,76.0,SAGAR KANYA II,9043210,VT210,30,0,24,6,2.5,30
419043210,2026-09-04 08:15:00,22.75067,68.95956,4.6,82.3,82.3,SAGAR KANYA II,9043210,VT210,30,0,24,6,2.5,30
419043210,2026-09-04 08:20:00,22.75175,68.96624,4.2,79.4,79.4,SAGAR KANYA II,9043210,VT210,30,0,24,6,2.5,30
419043210,2026-09-04 08:25:00,22.75284,68.97293,4.3,78.7,78.7,SAGAR KANYA II,9043210,VT210,30,0,24,6,2.5,30
419043210,2026-09-04 08:30:00,22.75392,68.97961,4.4,82.1,82.1,SAGAR KANYA II,9043210,VT210,30,0,24,6,2.5,30
419043210,2026-09-04 08:35:00,22.75501,68.98629,5.1,79.5,79.5,SAGAR KANYA II,9043210,VT210,30,0,24,6,2.5,30
419043210,2026-09-04 08:40:00,22.7561,68.99297,5.1,80.1,80.1,SAGAR KANYA II,9043210,VT210,30,0,24,6,2.5,30
419043210,2026-09-04 08:45:00,22.75718,68.99966,5.0,79.9,79.9,SAGAR KANYA II,9043210,VT210,30,0,24,6,2.5,30
419043210,2026-09-04 08:50:00,22.75827,69.00634,4.5,80.5,80.5,SAGAR KANYA II,9043210,VT210,30,0,24,6,2.5,30
419043210,2026-09-04 08:55:00,22.75936,69.01302,5.5,81.3,81.3,SAGAR KANYA II,9043210,VT210,30,0,24,6,2.5,30
419043210,2026-09-04 09:00:00,22.76044,69.01971,4.3,81.5,81.5,SAGAR KANYA II,9043210,VT210,30,0,24,6,2.5,30
419043210,2026-09-04 09:05:00,22.76153,69.02639,4.4,79.3,79.3,SAGAR KANYA II,9043210,VT210,30,0,24,6,2.5,30
419043210,2026-09-04 09:10:00,22.76262,69.03307,4.8,80.0,80.0,SAGAR KANYA II,9043210,VT210,30,0,24,6,2.5,30
419043210,2026-09-04 09:15:00,22.7637,69.03976,4.6,80.0,80.0,SAGAR KANYA II,9043210,VT210,30,0,24,6,2.5,30
419043210,2026-09-04 09:20:00,22.76479,69.04644,4.6,80.6,80.6,SAGAR KANYA II,9043210,VT210,30,0,24,6,2.5,30
419043210,2026-09-04 09:25:00,22.76588,69.05312,3.9,81.0,81.0,SAGAR KANYA II,9043210,VT210,30,0,24,6,2.5,30
419043210,2026-09-04 09:30:00,22.76696,69.0598,4.2,77.8,77.8,SAGAR KANYA II,9043210,VT210,30,0,24,6,2.5,30
419043210,2026-09-04 09:35:00,22.76805,69.06649,4.5,80.1,80.1,SAGAR KANYA II,9043210,VT210,30,0,24,6,2.5,30
419043210,2026-09-04 09:40:00,22.76914,69.07317,4.3,81.2,81.2,SAGAR KANYA II,9043210,VT210,30,0,24,6,2.5,30
419043210,2026-09-04 09:45:00,22.77022,69.07985,4.1,79.4,79.4,SAGAR KANYA II,9043210,VT210,30,0,24,6,2.5,30
419043210,2026-09-04 09:50:00,22.77131,69.08654,4.3,79.9,79.9,SAGAR KANYA II,9043210,VT210,30,0,24,6,2.5,30
419043210,2026-09-04 09:55:00,22.77239,69.09322,4.6,78.5,78.5,SAGAR KANYA II,9043210,VT210,30,0,24,6,2.5,30
419043210,2026-09-04 10:00:00,22.77348,69.0999,4.7,80.1,80.1,SAGAR KANYA II,9043210,VT210,30,0,24,6,2.5,30
419043210,2026-09-04 10:05:00,22.77457,69.10659,3.9,77.1,77.1,SAGAR KANYA II,9043210,VT210,30,0,24,6,2.5,30
419043210,2026-09-04 10:10:00,22.77565,69.11327,4.5,79.7,79.7,SAGAR KANYA II,9043210,VT210,30,0,24,6,2.5,30
419043210,2026-09-04 10:15:00,22.77674,69.11995,4.5,80.0,80.0,SAGAR KANYA II,9043210,VT210,30,0,24,6,2.5,30
419043210,2026-09-04 10:20:00,22.77783,69.12663,4.6,81.4,81.4,SAGAR KANYA II,9043210,VT210,30,0,24,6,2.5,30
419043210,2026-09-04 10:25:00,22.77891,69.13332,4.2,78.2,78.2,SAGAR KANYA II,9043210,VT210,30,0,24,6,2.5,30
419043210,2026-09-04 10:30:00,22.78,69.14,4.2,80.4,80.4,SAGAR KANYA II,9043210,VT210,30,0,24,6,2.5,30
419043210,2026-09-04 10:35:00,22.78109,69.14668,4.9,79.4,79.4,SAGAR KANYA II,9043210,VT210,30,0,24,6,2.5,30
419043210,2026-09-04 10:40:00,22.78217,69.15337,3.7,77.4,77.4,SAGAR KANYA II,9043210,VT210,30,0,24,6,2.5,30
419043210,2026-09-04 10:45:00,22.78326,69.16005,4.3,79.2,79.2,SAGAR KANYA II,9043210,VT210,30,0,24,6,2.5,30
419043210,2026-09-04 10:50:00,22.78435,69.16673,4.4,80.1,80.1,SAGAR KANYA II,9043210,VT210,30,0,24,6,2.5,30
419043210,2026-09-04 10:55:00,22.78543,69.17341,4.4,81.6,81.6,SAGAR KANYA II,9043210,VT210,30,0,24,6,2.5,30
419043210,2026-09-04 11:00:00,22.78652,69.1801,4.3,78.7,78.7,SAGAR KANYA II,9043210,VT210,30,0,24,6,2.5,30
419043210,2026-09-04 11:05:00,22.78761,69.18678,4.6,77.7,77.7,SAGAR KANYA II,9043210,VT210,30,0,24,6,2.5,30
419043210,2026-09-04 11:10:00,22.78869,69.19346,4.6,80.2,80.2,SAGAR KANYA II,9043210,VT210,30,0,24,6,2.5,30
419043210,2026-09-04 11:15:00,22.78978,69.20015,4.5,82.4,82.4,SAGAR KANYA II,9043210,VT210,30,0,24,6,2.5,30
419043210,2026-09-04 11:20:00,22.79086,69.20683,4.3,83.1,83.1,SAGAR KANYA II,9043210,VT210,30,0,24,6,2.5,30
419043210,2026-09-04 11:25:00,22.79195,69.21351,4.4,78.1,78.1,SAGAR KANYA II,9043210,VT210,30,0,24,6,2.5,30
419043210,2026-09-04 11:30:00,22.79304,69.2202,4.5,78.4,78.4,SAGAR KANYA II,9043210,VT210,30,0,24,6,2.5,30
419043210,2026-09-04 11:35:00,22.79412,69.22688,4.3,80.6,80.6,SAGAR KANYA II,9043210,VT210,30,0,24,6,2.5,30
419043210,2026-09-04 11:40:00,22.79521,69.23356,4.7,79.1,79.1,SAGAR KANYA II,9043210,VT210,30,0,24,6,2.5,30
419043210,2026-09-04 11:45:00,22.7963,69.24024,4.8,81.7,81.7,SAGAR KANYA II,9043210,VT210,30,0,24,6,2.5,30
419043210,2026-09-04 11:50:00,22.79738,69.24693,4.9,80.8,80.8,SAGAR KANYA II,9043210,VT210,30,0,24,6,2.5,30
419043210,2026-09-04 11:55:00,22.79847,69.25361,4.9,77.2,77.2,SAGAR KANYA II,9043210,VT210,30,0,24,6,2.5,30
419043210,2026-09-04 12:00:00,22.79956,69.26029,4.4,78.7,78.7,SAGAR KANYA II,9043210,VT210,30,0,24,6,2.5,30
419043210,2026-09-04 12:05:00,22.80064,69.26698,4.5,79.1,79.1,SAGAR KANYA II,9043210,VT210,30,0,24,6,2.5,30
419043210,2026-09-04 12:10:00,22.80173,69.27366,4.5,82.8,82.8,SAGAR KANYA II,9043210,VT210,30,0,24,6,2.5,30
419043210,2026-09-04 12:15:00,22.80282,69.28034,4.4,80.6,80.6,SAGAR KANYA II,9043210,VT210,30,0,24,6,2.5,30
419043210,2026-09-04 12:20:00,22.8039,69.28703,4.4,80.1,80.1,SAGAR KANYA II,9043210,VT210,30,0,24,6,2.5,30
419043210,2026-09-04 12:25:00,22.80499,69.29371,4.5,80.7,80.7,SAGAR KANYA II,9043210,VT210,30,0,24,6,2.5,30
419043210,2026-09-04 12:30:00,22.80608,69.30039,4.8,82.5,82.5,SAGAR KANYA II,9043210,VT210,30,0,24,6,2.5,30
419043210,2026-09-04 12:35:00,22.80716,69.30707,4.6,80.9,80.9,SAGAR KANYA II,9043210,VT210,30,0,24,6,2.5,30
419043210,2026-09-04 12:40:00,22.80825,69.31376,4.2,79.9,79.9,SAGAR KANYA II,9043210,VT210,30,0,24,6,2.5,30
419043210,2026-09-04 12:45:00,22.80933,69.32044,4.8,81.3,81.3,SAGAR KANYA II,9043210,VT210,30,0,24,6,2.5,30
419043210,2026-09-04 12:50:00,22.81042,69.32712,4.6,81.3,81.3,SAGAR KANYA II,9043210,VT210,30,0,24,6,2.5,30
419043210,2026-09-04 12:55:00,22.81151,69.33381,4.6,81.8,81.8,SAGAR KANYA II,9043210,VT210,30,0,24,6,2.5,30
419043210,2026-09-04 13:00:00,22.81259,69.34049,4.6,79.5,79.5,SAGAR KANYA II,9043210,VT210,30,0,24,6,2.5,30
419043210,2026-09-04 13:05:00,22.81368,69.34717,4.6,75.6,75.6,SAGAR KANYA II,9043210,VT210,30,0,24,6,2.5,30
419043210,2026-09-04 13:10:00,22.81477,69.35386,4.6,74.5,74.5,SAGAR KANYA II,9043210,VT210,30,0,24,6,2.5,30
419043210,2026-09-04 13:15:00,22.81585,69.36054,4.0,80.7,80.7,SAGAR KANYA II,9043210,VT210,30,0,24,6,2.5,30
419043210,2026-09-04 13:20:00,22.81694,69.36722,4.6,78.3,78.3,SAGAR KANYA II,9043210,VT210,30,0,24,6,2.5,30
419043210,2026-09-04 13:25:00,22.81803,69.3739,4.3,82.1,82.1,SAGAR KANYA II,9043210,VT210,30,0,24,6,2.5,30
419043210,2026-09-04 13:30:00,22.81911,69.38059,4.4,83.4,83.4,SAGAR KANYA II,9043210,VT210,30,0,24,6,2.5,30
419043210,2026-09-04 13:35:00,22.8202,69.38727,4.5,80.6,80.6,SAGAR KANYA II,9043210,VT210,30,0,24,6,2.5,30
419043210,2026-09-04 13:40:00,22.82129,69.39395,5.0,80.2,80.2,SAGAR KANYA II,9043210,VT210,30,0,24,6,2.5,30
419043210,2026-09-04 13:45:00,22.82237,69.40064,4.2,79.8,79.8,SAGAR KANYA II,9043210,VT210,30,0,24,6,2.5,30
419043210,2026-09-04 13:50:00,22.82346,69.40732,4.5,78.0,78.0,SAGAR KANYA II,9043210,VT210,30,0,24,6,2.5,30
419043210,2026-09-04 13:55:00,22.82455,69.414,4.4,78.9,78.9,SAGAR KANYA II,9043210,VT210,30,0,24,6,2.5,30
419043210,2026-09-04 14:00:00,22.82563,69.42069,4.8,80.1,80.1,SAGAR KANYA II,9043210,VT210,30,0,24,6,2.5,30
419032109,2026-09-04 06:00:00,22.82758,68.75932,3.7,109.8,109.8,MATSYA JEEVI,9032109,VT109,31,0,24,6,2.5,30
419032109,2026-09-04 06:05:00,22.82577,68.76471,3.9,110.9,110.9,MATSYA JEEVI,9032109,VT109,31,0,24,6,2.5,30
419032109,2026-09-04 06:10:00,22.82397,68.77009,3.5,108.4,108.4,MATSYA JEEVI,9032109,VT109,31,0,24,6,2.5,30
419032109,2026-09-04 06:15:00,22.82216,68.77547,4.1,109.4,109.4,MATSYA JEEVI,9032109,VT109,31,0,24,6,2.5,30
419032109,2026-09-04 06:20:00,22.82035,68.78085,3.4,110.7,110.7,MATSYA JEEVI,9032109,VT109,31,0,24,6,2.5,30
419032109,2026-09-04 06:25:00,22.81855,68.78624,3.9,107.7,107.7,MATSYA JEEVI,9032109,VT109,31,0,24,6,2.5,30
419032109,2026-09-04 06:30:00,22.81674,68.79162,3.9,111.1,111.1,MATSYA JEEVI,9032109,VT109,31,0,24,6,2.5,30
419032109,2026-09-04 06:35:00,22.81493,68.797,3.9,110.9,110.9,MATSYA JEEVI,9032109,VT109,31,0,24,6,2.5,30
419032109,2026-09-04 06:40:00,22.81312,68.80239,3.4,110.5,110.5,MATSYA JEEVI,9032109,VT109,31,0,24,6,2.5,30
419032109,2026-09-04 06:45:00,22.81132,68.80777,3.7,109.3,109.3,MATSYA JEEVI,9032109,VT109,31,0,24,6,2.5,30
419032109,2026-09-04 06:50:00,22.80951,68.81315,4.1,112.2,112.2,MATSYA JEEVI,9032109,VT109,31,0,24,6,2.5,30
419032109,2026-09-04 06:55:00,22.8077,68.81853,4.3,112.0,112.0,MATSYA JEEVI,9032109,VT109,31,0,24,6,2.5,30
419032109,2026-09-04 07:00:00,22.8059,68.82392,3.8,110.5,110.5,MATSYA JEEVI,9032109,VT109,31,0,24,6,2.5,30
419032109,2026-09-04 07:05:00,22.80409,68.8293,4.0,110.2,110.2,MATSYA JEEVI,9032109,VT109,31,0,24,6,2.5,30
419032109,2026-09-04 07:10:00,22.80228,68.83468,3.8,111.2,111.2,MATSYA JEEVI,9032109,VT109,31,0,24,6,2.5,30
419032109,2026-09-04 07:15:00,22.80048,68.84007,3.8,108.9,108.9,MATSYA JEEVI,9032109,VT109,31,0,24,6,2.5,30
419032109,2026-09-04 07:20:00,22.79867,68.84545,3.7,111.0,111.0,MATSYA JEEVI,9032109,VT109,31,0,24,6,2.5,30
419032109,2026-09-04 07:25:00,22.79686,68.85083,3.8,110.5,110.5,MATSYA JEEVI,9032109,VT109,31,0,24,6,2.5,30
419032109,2026-09-04 07:30:00,22.79505,68.85622,4.0,109.4,109.4,MATSYA JEEVI,9032109,VT109,31,0,24,6,2.5,30
419032109,2026-09-04 07:35:00,22.79325,68.8616,4.0,110.6,110.6,MATSYA JEEVI,9032109,VT109,31,0,24,6,2.5,30
419032109,2026-09-04 07:40:00,22.79144,68.86698,3.4,112.2,112.2,MATSYA JEEVI,9032109,VT109,31,0,24,6,2.5,30
419032109,2026-09-04 07:45:00,22.78963,68.87236,3.6,107.5,107.5,MATSYA JEEVI,9032109,VT109,31,0,24,6,2.5,30
419032109,2026-09-04 07:50:00,22.78783,68.87775,3.5,108.5,108.5,MATSYA JEEVI,9032109,VT109,31,0,24,6,2.5,30
419032109,2026-09-04 07:55:00,22.78602,68.88313,3.8,109.6,109.6,MATSYA JEEVI,9032109,VT109,31,0,24,6,2.5,30
419032109,2026-09-04 08:00:00,22.78421,68.88851,3.7,110.9,110.9,MATSYA JEEVI,9032109,VT109,31,0,24,6,2.5,30
419032109,2026-09-04 08:05:00,22.7824,68.8939,3.9,110.5,110.5,MATSYA JEEVI,9032109,VT109,31,0,24,6,2.5,30
419032109,2026-09-04 08:10:00,22.7806,68.89928,3.9,110.9,110.9,MATSYA JEEVI,9032109,VT109,31,0,24,6,2.5,30
419032109,2026-09-04 08:15:00,22.77879,68.90466,3.2,109.5,109.5,MATSYA JEEVI,9032109,VT109,31,0,24,6,2.5,30
419032109,2026-09-04 08:20:00,22.77698,68.91004,3.1,110.1,110.1,MATSYA JEEVI,9032109,VT109,31,0,24,6,2.5,30
419032109,2026-09-04 08:25:00,22.77518,68.91543,3.8,111.6,111.6,MATSYA JEEVI,9032109,VT109,31,0,24,6,2.5,30
419032109,2026-09-04 08:30:00,22.77337,68.92081,4.2,110.3,110.3,MATSYA JEEVI,9032109,VT109,31,0,24,6,2.5,30
419032109,2026-09-04 08:35:00,22.77156,68.92619,3.6,110.7,110.7,MATSYA JEEVI,9032109,VT109,31,0,24,6,2.5,30
419032109,2026-09-04 08:40:00,22.76976,68.93158,3.6,110.0,110.0,MATSYA JEEVI,9032109,VT109,31,0,24,6,2.5,30
419032109,2026-09-04 08:45:00,22.76795,68.93696,4.1,109.2,109.2,MATSYA JEEVI,9032109,VT109,31,0,24,6,2.5,30
419032109,2026-09-04 08:50:00,22.76614,68.94234,4.0,111.0,111.0,MATSYA JEEVI,9032109,VT109,31,0,24,6,2.5,30
419032109,2026-09-04 08:55:00,22.76433,68.94772,3.5,111.5,111.5,MATSYA JEEVI,9032109,VT109,31,0,24,6,2.5,30
419032109,2026-09-04 09:00:00,22.76253,68.95311,4.0,110.2,110.2,MATSYA JEEVI,9032109,VT109,31,0,24,6,2.5,30
419032109,2026-09-04 09:05:00,22.76072,68.95849,3.6,108.7,108.7,MATSYA JEEVI,9032109,VT109,31,0,24,6,2.5,30
419032109,2026-09-04 09:10:00,22.75891,68.96387,3.6,110.8,110.8,MATSYA JEEVI,9032109,VT109,31,0,24,6,2.5,30
419032109,2026-09-04 09:15:00,22.75711,68.96926,3.5,110.7,110.7,MATSYA JEEVI,9032109,VT109,31,0,24,6,2.5,30
419032109,2026-09-04 09:20:00,22.7553,68.97464,3.4,109.7,109.7,MATSYA JEEVI,9032109,VT109,31,0,24,6,2.5,30
419032109,2026-09-04 09:25:00,22.75349,68.98002,3.8,113.7,113.7,MATSYA JEEVI,9032109,VT109,31,0,24,6,2.5,30
419032109,2026-09-04 09:30:00,22.75168,68.98541,3.4,112.2,112.2,MATSYA JEEVI,9032109,VT109,31,0,24,6,2.5,30
419032109,2026-09-04 09:35:00,22.74988,68.99079,3.8,110.6,110.6,MATSYA JEEVI,9032109,VT109,31,0,24,6,2.5,30
419032109,2026-09-04 09:40:00,22.74807,68.99617,3.8,110.7,110.7,MATSYA JEEVI,9032109,VT109,31,0,24,6,2.5,30
419032109,2026-09-04 09:45:00,22.74626,69.00155,3.8,112.2,112.2,MATSYA JEEVI,9032109,VT109,31,0,24,6,2.5,30
419032109,2026-09-04 09:50:00,22.74446,69.00694,3.7,111.7,111.7,MATSYA JEEVI,9032109,VT109,31,0,24,6,2.5,30
419032109,2026-09-04 09:55:00,22.74265,69.01232,3.6,109.9,109.9,MATSYA JEEVI,9032109,VT109,31,0,24,6,2.5,30
419032109,2026-09-04 10:00:00,22.74084,69.0177,3.5,110.7,110.7,MATSYA JEEVI,9032109,VT109,31,0,24,6,2.5,30
419032109,2026-09-04 10:05:00,22.73904,69.02309,4.2,109.9,109.9,MATSYA JEEVI,9032109,VT109,31,0,24,6,2.5,30
419032109,2026-09-04 10:10:00,22.73723,69.02847,3.7,108.3,108.3,MATSYA JEEVI,9032109,VT109,31,0,24,6,2.5,30
419032109,2026-09-04 10:15:00,22.73542,69.03385,3.7,107.6,107.6,MATSYA JEEVI,9032109,VT109,31,0,24,6,2.5,30
419032109,2026-09-04 10:20:00,22.73361,69.03923,3.5,110.3,110.3,MATSYA JEEVI,9032109,VT109,31,0,24,6,2.5,30
419032109,2026-09-04 10:25:00,22.73181,69.04462,4.2,114.2,114.2,MATSYA JEEVI,9032109,VT109,31,0,24,6,2.5,30
419032109,2026-09-04 10:30:00,22.73,69.05,3.6,112.2,112.2,MATSYA JEEVI,9032109,VT109,31,0,24,6,2.5,30
419032109,2026-09-04 10:35:00,22.72819,69.05538,3.9,109.8,109.8,MATSYA JEEVI,9032109,VT109,31,0,24,6,2.5,30
419032109,2026-09-04 10:40:00,22.72639,69.06077,3.9,110.1,110.1,MATSYA JEEVI,9032109,VT109,31,0,24,6,2.5,30
419032109,2026-09-04 10:45:00,22.72458,69.06615,3.8,109.4,109.4,MATSYA JEEVI,9032109,VT109,31,0,24,6,2.5,30
419032109,2026-09-04 10:50:00,22.72277,69.07153,3.4,107.7,107.7,MATSYA JEEVI,9032109,VT109,31,0,24,6,2.5,30
419032109,2026-09-04 10:55:00,22.72096,69.07691,4.0,109.6,109.6,MATSYA JEEVI,9032109,VT109,31,0,24,6,2.5,30
419032109,2026-09-04 11:00:00,22.71916,69.0823,3.6,110.0,110.0,MATSYA JEEVI,9032109,VT109,31,0,24,6,2.5,30
419032109,2026-09-04 11:05:00,22.71735,69.08768,4.0,110.3,110.3,MATSYA JEEVI,9032109,VT109,31,0,24,6,2.5,30
419032109,2026-09-04 11:10:00,22.71554,69.09306,3.6,111.8,111.8,MATSYA JEEVI,9032109,VT109,31,0,24,6,2.5,30
419032109,2026-09-04 11:15:00,22.71374,69.09845,4.3,110.7,110.7,MATSYA JEEVI,9032109,VT109,31,0,24,6,2.5,30
419032109,2026-09-04 11:20:00,22.71193,69.10383,4.1,111.9,111.9,MATSYA JEEVI,9032109,VT109,31,0,24,6,2.5,30
419032109,2026-09-04 11:25:00,22.71012,69.10921,4.1,110.9,110.9,MATSYA JEEVI,9032109,VT109,31,0,24,6,2.5,30
419032109,2026-09-04 11:30:00,22.70832,69.11459,4.0,110.8,110.8,MATSYA JEEVI,9032109,VT109,31,0,24,6,2.5,30
419032109,2026-09-04 11:35:00,22.70651,69.11998,3.5,111.1,111.1,MATSYA JEEVI,9032109,VT109,31,0,24,6,2.5,30
419032109,2026-09-04 11:40:00,22.7047,69.12536,3.4,108.8,108.8,MATSYA JEEVI,9032109,VT109,31,0,24,6,2.5,30
419032109,2026-09-04 11:45:00,22.70289,69.13074,4.2,111.3,111.3,MATSYA JEEVI,9032109,VT109,31,0,24,6,2.5,30
419032109,2026-09-04 11:50:00,22.70109,69.13613,4.2,109.6,109.6,MATSYA JEEVI,9032109,VT109,31,0,24,6,2.5,30
419032109,2026-09-04 11:55:00,22.69928,69.14151,3.5,109.6,109.6,MATSYA JEEVI,9032109,VT109,31,0,24,6,2.5,30
419032109,2026-09-04 12:00:00,22.69747,69.14689,3.8,110.1,110.1,MATSYA JEEVI,9032109,VT109,31,0,24,6,2.5,30
419032109,2026-09-04 12:05:00,22.69567,69.15228,4.1,109.5,109.5,MATSYA JEEVI,9032109,VT109,31,0,24,6,2.5,30
419032109,2026-09-04 12:10:00,22.69386,69.15766,3.9,108.5,108.5,MATSYA JEEVI,9032109,VT109,31,0,24,6,2.5,30
419032109,2026-09-04 12:15:00,22.69205,69.16304,3.9,110.0,110.0,MATSYA JEEVI,9032109,VT109,31,0,24,6,2.5,30
419032109,2026-09-04 12:20:00,22.69024,69.16842,3.6,109.6,109.6,MATSYA JEEVI,9032109,VT109,31,0,24,6,2.5,30
419032109,2026-09-04 12:25:00,22.68844,69.17381,3.7,109.6,109.6,MATSYA JEEVI,9032109,VT109,31,0,24,6,2.5,30
419032109,2026-09-04 12:30:00,22.68663,69.17919,4.3,109.9,109.9,MATSYA JEEVI,9032109,VT109,31,0,24,6,2.5,30
419032109,2026-09-04 12:35:00,22.68482,69.18457,3.7,106.9,106.9,MATSYA JEEVI,9032109,VT109,31,0,24,6,2.5,30
419032109,2026-09-04 12:40:00,22.68302,69.18996,3.5,109.6,109.6,MATSYA JEEVI,9032109,VT109,31,0,24,6,2.5,30
419032109,2026-09-04 12:45:00,22.68121,69.19534,3.6,112.1,112.1,MATSYA JEEVI,9032109,VT109,31,0,24,6,2.5,30
419032109,2026-09-04 12:50:00,22.6794,69.20072,3.8,111.9,111.9,MATSYA JEEVI,9032109,VT109,31,0,24,6,2.5,30
419032109,2026-09-04 12:55:00,22.6776,69.2061,3.8,110.1,110.1,MATSYA JEEVI,9032109,VT109,31,0,24,6,2.5,30
419032109,2026-09-04 13:00:00,22.67579,69.21149,3.8,110.0,110.0,MATSYA JEEVI,9032109,VT109,31,0,24,6,2.5,30
419032109,2026-09-04 13:05:00,22.67398,69.21687,4.3,106.5,106.5,MATSYA JEEVI,9032109,VT109,31,0,24,6,2.5,30
419032109,2026-09-04 13:10:00,22.67217,69.22225,3.2,109.2,109.2,MATSYA JEEVI,9032109,VT109,31,0,24,6,2.5,30
419032109,2026-09-04 13:15:00,22.67037,69.22764,3.8,111.0,111.0,MATSYA JEEVI,9032109,VT109,31,0,24,6,2.5,30
419032109,2026-09-04 13:20:00,22.66856,69.23302,3.9,109.4,109.4,MATSYA JEEVI,9032109,VT109,31,0,24,6,2.5,30
419032109,2026-09-04 13:25:00,22.66675,69.2384,4.1,111.5,111.5,MATSYA JEEVI,9032109,VT109,31,0,24,6,2.5,30
419032109,2026-09-04 13:30:00,22.66495,69.24378,3.9,111.4,111.4,MATSYA JEEVI,9032109,VT109,31,0,24,6,2.5,30
419032109,2026-09-04 13:35:00,22.66314,69.24917,3.9,109.2,109.2,MATSYA JEEVI,9032109,VT109,31,0,24,6,2.5,30
419032109,2026-09-04 13:40:00,22.66133,69.25455,4.0,110.2,110.2,MATSYA JEEVI,9032109,VT109,31,0,24,6,2.5,30
419032109,2026-09-04 13:45:00,22.65952,69.25993,3.8,112.2,112.2,MATSYA JEEVI,9032109,VT109,31,0,24,6,2.5,30
419032109,2026-09-04 13:50:00,22.65772,69.26532,3.1,107.9,107.9,MATSYA JEEVI,9032109,VT109,31,0,24,6,2.5,30
419032109,2026-09-04 13:55:00,22.65591,69.2707,3.4,109.5,109.5,MATSYA JEEVI,9032109,VT109,31,0,24,6,2.5,30
419032109,2026-09-04 14:00:00,22.6541,69.27608,3.7,107.7,107.7,MATSYA JEEVI,9032109,VT109,31,0,24,6,2.5,30
419021098,2026-09-04 06:00:00,23.49058,69.4,6.9,178.7,178.7,TUG OCEAN PRIDE,9021098,VT098,50,0,24,6,2.5,50
419021098,2026-09-04 06:05:00,23.48057,69.4,7.9,182.7,182.7,TUG OCEAN PRIDE,9021098,VT098,50,0,24,6,2.5,50
419021098,2026-09-04 06:10:00,23.47056,69.4,7.1,179.5,179.5,TUG OCEAN PRIDE,9021098,VT098,50,0,24,6,2.5,50
419021098,2026-09-04 06:15:00,23.46055,69.4,6.9,177.1,177.1,TUG OCEAN PRIDE,9021098,VT098,50,0,24,6,2.5,50
419021098,2026-09-04 06:20:00,23.45054,69.4,7.2,178.5,178.5,TUG OCEAN PRIDE,9021098,VT098,50,0,24,6,2.5,50
419021098,2026-09-04 06:25:00,23.44053,69.4,7.2,177.6,177.6,TUG OCEAN PRIDE,9021098,VT098,50,0,24,6,2.5,50
419021098,2026-09-04 06:30:00,23.43052,69.4,7.0,180.2,180.2,TUG OCEAN PRIDE,9021098,VT098,50,0,24,6,2.5,50
419021098,2026-09-04 06:35:00,23.42051,69.4,7.3,180.6,180.6,TUG OCEAN PRIDE,9021098,VT098,50,0,24,6,2.5,50
419021098,2026-09-04 06:40:00,23.4105,69.4,6.8,181.3,181.3,TUG OCEAN PRIDE,9021098,VT098,50,0,24,6,2.5,50
419021098,2026-09-04 06:45:00,23.40049,69.4,7.0,180.9,180.9,TUG OCEAN PRIDE,9021098,VT098,50,0,24,6,2.5,50
419021098,2026-09-04 06:50:00,23.39048,69.4,7.2,177.9,177.9,TUG OCEAN PRIDE,9021098,VT098,50,0,24,6,2.5,50
419021098,2026-09-04 06:55:00,23.38046,69.4,7.1,180.5,180.5,TUG OCEAN PRIDE,9021098,VT098,50,0,24,6,2.5,50
419021098,2026-09-04 07:00:00,23.37045,69.4,7.4,179.8,179.8,TUG OCEAN PRIDE,9021098,VT098,50,0,24,6,2.5,50
419021098,2026-09-04 07:05:00,23.36044,69.4,7.7,181.5,181.5,TUG OCEAN PRIDE,9021098,VT098,50,0,24,6,2.5,50
419021098,2026-09-04 07:10:00,23.35043,69.4,7.1,181.1,181.1,TUG OCEAN PRIDE,9021098,VT098,50,0,24,6,2.5,50
419021098,2026-09-04 07:15:00,23.34042,69.4,7.8,182.9,182.9,TUG OCEAN PRIDE,9021098,VT098,50,0,24,6,2.5,50
419021098,2026-09-04 07:20:00,23.33041,69.4,6.8,178.6,178.6,TUG OCEAN PRIDE,9021098,VT098,50,0,24,6,2.5,50
419021098,2026-09-04 07:25:00,23.3204,69.4,7.6,178.4,178.4,TUG OCEAN PRIDE,9021098,VT098,50,0,24,6,2.5,50
419021098,2026-09-04 07:30:00,23.31039,69.4,6.8,179.3,179.3,TUG OCEAN PRIDE,9021098,VT098,50,0,24,6,2.5,50
419021098,2026-09-04 07:35:00,23.30038,69.4,7.3,179.8,179.8,TUG OCEAN PRIDE,9021098,VT098,50,0,24,6,2.5,50
419021098,2026-09-04 07:40:00,23.29037,69.4,7.0,179.0,179.0,TUG OCEAN PRIDE,9021098,VT098,50,0,24,6,2.5,50
419021098,2026-09-04 07:45:00,23.28036,69.4,7.0,178.7,178.7,TUG OCEAN PRIDE,9021098,VT098,50,0,24,6,2.5,50
419021098,2026-09-04 07:50:00,23.27035,69.4,7.9,180.4,180.4,TUG OCEAN PRIDE,9021098,VT098,50,0,24,6,2.5,50
419021098,2026-09-04 07:55:00,23.26034,69.4,7.5,179.3,179.3,TUG OCEAN PRIDE,9021098,VT098,50,0,24,6,2.5,50
419021098,2026-09-04 08:00:00,23.25032,69.4,7.1,178.9,178.9,TUG OCEAN PRIDE,9021098,VT098,50,0,24,6,2.5,50
419021098,2026-09-04 08:05:00,23.24031,69.4,6.4,177.9,177.9,TUG OCEAN PRIDE,9021098,VT098,50,0,24,6,2.5,50
419021098,2026-09-04 08:10:00,23.2303,69.4,6.7,176.6,176.6,TUG OCEAN PRIDE,9021098,VT098,50,0,24,6,2.5,50
419021098,2026-09-04 08:15:00,23.22029,69.4,6.8,182.0,182.0,TUG OCEAN PRIDE,9021098,VT098,50,0,24,6,2.5,50
419021098,2026-09-04 08:20:00,23.21028,69.4,7.2,181.9,181.9,TUG OCEAN PRIDE,9021098,VT098,50,0,24,6,2.5,50
419021098,2026-09-04 08:25:00,23.20027,69.4,7.3,181.2,181.2,TUG OCEAN PRIDE,9021098,VT098,50,0,24,6,2.5,50
419021098,2026-09-04 08:30:00,23.19026,69.4,6.9,180.8,180.8,TUG OCEAN PRIDE,9021098,VT098,50,0,24,6,2.5,50
419021098,2026-09-04 08:35:00,23.18025,69.4,7.4,179.1,179.1,TUG OCEAN PRIDE,9021098,VT098,50,0,24,6,2.5,50
419021098,2026-09-04 08:40:00,23.17024,69.4,7.4,180.8,180.8,TUG OCEAN PRIDE,9021098,VT098,50,0,24,6,2.5,50
419021098,2026-09-04 08:45:00,23.16023,69.4,7.0,178.3,178.3,TUG OCEAN PRIDE,9021098,VT098,50,0,24,6,2.5,50
419021098,2026-09-04 08:50:00,23.15022,69.4,6.8,180.1,180.1,TUG OCEAN PRIDE,9021098,VT098,50,0,24,6,2.5,50
419021098,2026-09-04 08:55:00,23.14021,69.4,7.3,178.8,178.8,TUG OCEAN PRIDE,9021098,VT098,50,0,24,6,2.5,50
419021098,2026-09-04 09:00:00,23.13019,69.4,7.2,180.9,180.9,TUG OCEAN PRIDE,9021098,VT098,50,0,24,6,2.5,50
419021098,2026-09-04 09:05:00,23.12018,69.4,7.4,182.3,182.3,TUG OCEAN PRIDE,9021098,VT098,50,0,24,6,2.5,50
419021098,2026-09-04 09:10:00,23.11017,69.4,7.6,178.5,178.5,TUG OCEAN PRIDE,9021098,VT098,50,0,24,6,2.5,50
419021098,2026-09-04 09:15:00,23.10016,69.4,7.7,179.2,179.2,TUG OCEAN PRIDE,9021098,VT098,50,0,24,6,2.5,50
419021098,2026-09-04 09:20:00,23.09015,69.4,7.5,180.1,180.1,TUG OCEAN PRIDE,9021098,VT098,50,0,24,6,2.5,50
419021098,2026-09-04 09:25:00,23.08014,69.4,7.1,177.3,177.3,TUG OCEAN PRIDE,9021098,VT098,50,0,24,6,2.5,50
419021098,2026-09-04 09:30:00,23.07013,69.4,7.1,177.7,177.7,TUG OCEAN PRIDE,9021098,VT098,50,0,24,6,2.5,50
419021098,2026-09-04 09:35:00,23.06012,69.4,7.5,182.3,182.3,TUG OCEAN PRIDE,9021098,VT098,50,0,24,6,2.5,50
419021098,2026-09-04 09:40:00,23.05011,69.4,7.0,180.5,180.5,TUG OCEAN PRIDE,9021098,VT098,50,0,24,6,2.5,50
419021098,2026-09-04 09:45:00,23.0401,69.4,7.0,179.1,179.1,TUG OCEAN PRIDE,9021098,VT098,50,0,24,6,2.5,50
419021098,2026-09-04 09:50:00,23.03009,69.4,7.4,179.9,179.9,TUG OCEAN PRIDE,9021098,VT098,50,0,24,6,2.5,50
419021098,2026-09-04 09:55:00,23.02008,69.4,7.7,179.3,179.3,TUG OCEAN PRIDE,9021098,VT098,50,0,24,6,2.5,50
419021098,2026-09-04 10:00:00,23.01006,69.4,7.5,180.1,180.1,TUG OCEAN PRIDE,9021098,VT098,50,0,24,6,2.5,50
419021098,2026-09-04 10:05:00,23.00005,69.4,7.4,179.3,179.3,TUG OCEAN PRIDE,9021098,VT098,50,0,24,6,2.5,50
419021098,2026-09-04 10:10:00,22.99004,69.4,7.2,179.8,179.8,TUG OCEAN PRIDE,9021098,VT098,50,0,24,6,2.5,50
419021098,2026-09-04 10:15:00,22.98003,69.4,6.9,181.0,181.0,TUG OCEAN PRIDE,9021098,VT098,50,0,24,6,2.5,50
419021098,2026-09-04 10:20:00,22.97002,69.4,7.4,180.9,180.9,TUG OCEAN PRIDE,9021098,VT098,50,0,24,6,2.5,50
419021098,2026-09-04 10:25:00,22.96001,69.4,7.7,182.2,182.2,TUG OCEAN PRIDE,9021098,VT098,50,0,24,6,2.5,50
419021098,2026-09-04 10:30:00,22.95,69.4,7.1,180.6,180.6,TUG OCEAN PRIDE,9021098,VT098,50,0,24,6,2.5,50
419021098,2026-09-04 10:35:00,22.93999,69.4,7.0,180.0,180.0,TUG OCEAN PRIDE,9021098,VT098,50,0,24,6,2.5,50
419021098,2026-09-04 10:40:00,22.92998,69.4,7.0,182.4,182.4,TUG OCEAN PRIDE,9021098,VT098,50,0,24,6,2.5,50
419021098,2026-09-04 10:45:00,22.91997,69.4,7.3,179.7,179.7,TUG OCEAN PRIDE,9021098,VT098,50,0,24,6,2.5,50
419021098,2026-09-04 10:50:00,22.90996,69.4,7.6,176.7,176.7,TUG OCEAN PRIDE,9021098,VT098,50,0,24,6,2.5,50
419021098,2026-09-04 10:55:00,22.89995,69.4,6.6,181.2,181.2,TUG OCEAN PRIDE,9021098,VT098,50,0,24,6,2.5,50
419021098,2026-09-04 11:00:00,22.88994,69.4,7.2,180.4,180.4,TUG OCEAN PRIDE,9021098,VT098,50,0,24,6,2.5,50
419021098,2026-09-04 11:05:00,22.87992,69.4,6.8,180.0,180.0,TUG OCEAN PRIDE,9021098,VT098,50,0,24,6,2.5,50
419021098,2026-09-04 11:10:00,22.86991,69.4,7.8,181.2,181.2,TUG OCEAN PRIDE,9021098,VT098,50,0,24,6,2.5,50
419021098,2026-09-04 11:15:00,22.8599,69.4,7.3,179.3,179.3,TUG OCEAN PRIDE,9021098,VT098,50,0,24,6,2.5,50
419021098,2026-09-04 11:20:00,22.84989,69.4,7.1,176.8,176.8,TUG OCEAN PRIDE,9021098,VT098,50,0,24,6,2.5,50
419021098,2026-09-04 11:25:00,22.83988,69.4,7.3,181.3,181.3,TUG OCEAN PRIDE,9021098,VT098,50,0,24,6,2.5,50
419021098,2026-09-04 11:30:00,22.82987,69.4,6.7,179.0,179.0,TUG OCEAN PRIDE,9021098,VT098,50,0,24,6,2.5,50
419021098,2026-09-04 11:35:00,22.81986,69.4,6.9,178.6,178.6,TUG OCEAN PRIDE,9021098,VT098,50,0,24,6,2.5,50
419021098,2026-09-04 11:40:00,22.80985,69.4,7.2,176.9,176.9,TUG OCEAN PRIDE,9021098,VT098,50,0,24,6,2.5,50
419021098,2026-09-04 11:45:00,22.79984,69.4,7.4,181.1,181.1,TUG OCEAN PRIDE,9021098,VT098,50,0,24,6,2.5,50
419021098,2026-09-04 11:50:00,22.78983,69.4,7.1,176.3,176.3,TUG OCEAN PRIDE,9021098,VT098,50,0,24,6,2.5,50
419021098,2026-09-04 11:55:00,22.77982,69.4,6.9,181.8,181.8,TUG OCEAN PRIDE,9021098,VT098,50,0,24,6,2.5,50
419021098,2026-09-04 12:00:00,22.76981,69.4,6.4,179.5,179.5,TUG OCEAN PRIDE,9021098,VT098,50,0,24,6,2.5,50
419021098,2026-09-04 12:05:00,22.75979,69.4,6.8,181.2,181.2,TUG OCEAN PRIDE,9021098,VT098,50,0,24,6,2.5,50
419021098,2026-09-04 12:10:00,22.74978,69.4,7.0,180.6,180.6,TUG OCEAN PRIDE,9021098,VT098,50,0,24,6,2.5,50
419021098,2026-09-04 12:15:00,22.73977,69.4,7.4,182.8,182.8,TUG OCEAN PRIDE,9021098,VT098,50,0,24,6,2.5,50
419021098,2026-09-04 12:20:00,22.72976,69.4,7.1,180.6,180.6,TUG OCEAN PRIDE,9021098,VT098,50,0,24,6,2.5,50
419021098,2026-09-04 12:25:00,22.71975,69.4,6.8,181.8,181.8,TUG OCEAN PRIDE,9021098,VT098,50,0,24,6,2.5,50
419021098,2026-09-04 12:30:00,22.70974,69.4,7.0,179.2,179.2,TUG OCEAN PRIDE,9021098,VT098,50,0,24,6,2.5,50
419021098,2026-09-04 12:35:00,22.69973,69.4,7.2,177.7,177.7,TUG OCEAN PRIDE,9021098,VT098,50,0,24,6,2.5,50
419021098,2026-09-04 12:40:00,22.68972,69.4,7.3,181.5,181.5,TUG OCEAN PRIDE,9021098,VT098,50,0,24,6,2.5,50
419021098,2026-09-04 12:45:00,22.67971,69.4,7.3,177.6,177.6,TUG OCEAN PRIDE,9021098,VT098,50,0,24,6,2.5,50
419021098,2026-09-04 12:50:00,22.6697,69.4,7.2,181.1,181.1,TUG OCEAN PRIDE,9021098,VT098,50,0,24,6,2.5,50
419021098,2026-09-04 12:55:00,22.65969,69.4,6.6,178.4,178.4,TUG OCEAN PRIDE,9021098,VT098,50,0,24,6,2.5,50
419021098,2026-09-04 13:00:00,22.64968,69.4,7.5,180.4,180.4,TUG OCEAN PRIDE,9021098,VT098,50,0,24,6,2.5,50
419021098,2026-09-04 13:05:00,22.63966,69.4,7.3,182.8,182.8,TUG OCEAN PRIDE,9021098,VT098,50,0,24,6,2.5,50
419021098,2026-09-04 13:10:00,22.62965,69.4,7.3,181.0,181.0,TUG OCEAN PRIDE,9021098,VT098,50,0,24,6,2.5,50
419021098,2026-09-04 13:15:00,22.61964,69.4,8.0,179.7,179.7,TUG OCEAN PRIDE,9021098,VT098,50,0,24,6,2.5,50
419021098,2026-09-04 13:20:00,22.60963,69.4,7.0,180.6,180.6,TUG OCEAN PRIDE,9021098,VT098,50,0,24,6,2.5,50
419021098,2026-09-04 13:25:00,22.59962,69.4,7.3,179.2,179.2,TUG OCEAN PRIDE,9021098,VT098,50,0,24,6,2.5,50
419021098,2026-09-04 13:30:00,22.58961,69.4,6.9,183.5,183.5,TUG OCEAN PRIDE,9021098,VT098,50,0,24,6,2.5,50
419021098,2026-09-04 13:35:00,22.5796,69.4,7.3,178.9,178.9,TUG OCEAN PRIDE,9021098,VT098,50,0,24,6,2.5,50
419021098,2026-09-04 13:40:00,22.56959,69.4,7.5,179.8,179.8,TUG OCEAN PRIDE,9021098,VT098,50,0,24,6,2.5,50
419021098,2026-09-04 13:45:00,22.55958,69.4,7.1,180.8,180.8,TUG OCEAN PRIDE,9021098,VT098,50,0,24,6,2.5,50
419021098,2026-09-04 13:50:00,22.54957,69.4,6.8,180.5,180.5,TUG OCEAN PRIDE,9021098,VT098,50,0,24,6,2.5,50
419021098,2026-09-04 13:55:00,22.53956,69.4,7.8,180.7,180.7,TUG OCEAN PRIDE,9021098,VT098,50,0,24,6,2.5,50
419021098,2026-09-04 14:00:00,22.52955,69.4,7.1,179.2,179.2,TUG OCEAN PRIDE,9021098,VT098,50,0,24,6,2.5,50
419010987,2026-09-04 06:00:00,22.92797,68.01108,16.4,94.6,94.6,FERRY MANDVI,9010987,VT987,60,0,24,6,2.5,60
419010987,2026-09-04 06:05:00,22.92597,68.03587,16.4,96.4,96.4,FERRY MANDVI,9010987,VT987,60,0,24,6,2.5,60
419010987,2026-09-04 06:10:00,22.92397,68.06067,16.0,96.3,96.3,FERRY MANDVI,9010987,VT987,60,0,24,6,2.5,60
419010987,2026-09-04 06:15:00,22.92197,68.08546,16.4,95.6,95.6,FERRY MANDVI,9010987,VT987,60,0,24,6,2.5,60
419010987,2026-09-04 06:20:00,22.91997,68.11026,16.2,97.0,97.0,FERRY MANDVI,9010987,VT987,60,0,24,6,2.5,60
419010987,2026-09-04 06:25:00,22.91797,68.13505,16.9,96.4,96.4,FERRY MANDVI,9010987,VT987,60,0,24,6,2.5,60
419010987,2026-09-04 06:30:00,22.91597,68.15985,16.0,96.2,96.2,FERRY MANDVI,9010987,VT987,60,0,24,6,2.5,60
419010987,2026-09-04 06:35:00,22.91398,68.18464,16.6,92.6,92.6,FERRY MANDVI,9010987,VT987,60,0,24,6,2.5,60
419010987,2026-09-04 06:40:00,22.91198,68.20943,16.5,95.5,95.5,FERRY MANDVI,9010987,VT987,60,0,24,6,2.5,60
419010987,2026-09-04 06:45:00,22.90998,68.23423,16.7,95.3,95.3,FERRY MANDVI,9010987,VT987,60,0,24,6,2.5,60
419010987,2026-09-04 06:50:00,22.90798,68.25902,16.6,97.2,97.2,FERRY MANDVI,9010987,VT987,60,0,24,6,2.5,60
419010987,2026-09-04 06:55:00,22.90598,68.28382,16.9,90.7,90.7,FERRY MANDVI,9010987,VT987,60,0,24,6,2.5,60
419010987,2026-09-04 07:00:00,22.90398,68.30861,16.4,94.8,94.8,FERRY MANDVI,9010987,VT987,60,0,24,6,2.5,60
419010987,2026-09-04 07:05:00,22.90198,68.33341,16.0,95.1,95.1,FERRY MANDVI,9010987,VT987,60,0,24,6,2.5,60
419010987,2026-09-04 07:10:00,22.89998,68.3582,16.9,93.4,93.4,FERRY MANDVI,9010987,VT987,60,0,24,6,2.5,60
419010987,2026-09-04 07:15:00,22.89798,68.383,16.6,93.6,93.6,FERRY MANDVI,9010987,VT987,60,0,24,6,2.5,60
419010987,2026-09-04 07:20:00,22.89598,68.40779,16.3,97.2,97.2,FERRY MANDVI,9010987,VT987,60,0,24,6,2.5,60
419010987,2026-09-04 07:25:00,22.89398,68.43259,16.3,95.7,95.7,FERRY MANDVI,9010987,VT987,60,0,24,6,2.5,60
419010987,2026-09-04 07:30:00,22.89198,68.45738,15.9,97.8,97.8,FERRY MANDVI,9010987,VT987,60,0,24,6,2.5,60
419010987,2026-09-04 07:35:00,22.88998,68.48218,16.7,94.7,94.7,FERRY MANDVI,9010987,VT987,60,0,24,6,2.5,60
419010987,2026-09-04 07:40:00,22.88798,68.50697,16.7,92.9,92.9,FERRY MANDVI,9010987,VT987,60,0,24,6,2.5,60
419010987,2026-09-04 07:45:00,22.88598,68.53177,16.9,94.5,94.5,FERRY MANDVI,9010987,VT987,60,0,24,6,2.5,60
419010987,2026-09-04 07:50:00,22.88398,68.55656,16.4,94.3,94.3,FERRY MANDVI,9010987,VT987,60,0,24,6,2.5,60
419010987,2026-09-04 07:55:00,22.88198,68.58136,16.3,96.0,96.0,FERRY MANDVI,9010987,VT987,60,0,24,6,2.5,60
419010987,2026-09-04 08:00:00,22.87998,68.60615,16.6,96.0,96.0,FERRY MANDVI,9010987,VT987,60,0,24,6,2.5,60
419010987,2026-09-04 08:05:00,22.87798,68.63095,16.5,95.8,95.8,FERRY MANDVI,9010987,VT987,60,0,24,6,2.5,60
419010987,2026-09-04 08:10:00,22.87599,68.65574,16.4,98.3,98.3,FERRY MANDVI,9010987,VT987,60,0,24,6,2.5,60
419010987,2026-09-04 08:15:00,22.87399,68.68054,16.0,96.9,96.9,FERRY MANDVI,9010987,VT987,60,0,24,6,2.5,60
419010987,2026-09-04 08:20:00,22.87199,68.70533,16.9,93.7,93.7,FERRY MANDVI,9010987,VT987,60,0,24,6,2.5,60
419010987,2026-09-04 08:25:00,22.86999,68.73013,17.2,96.5,96.5,FERRY MANDVI,9010987,VT987,60,0,24,6,2.5,60
419010987,2026-09-04 08:30:00,22.86799,68.75492,16.8,95.0,95.0,FERRY MANDVI,9010987,VT987,60,0,24,6,2.5,60
419010987,2026-09-04 08:35:00,22.86599,68.77972,16.4,94.7,94.7,FERRY MANDVI,9010987,VT987,60,0,24,6,2.5,60
419010987,2026-09-04 08:40:00,22.86399,68.80451,16.6,97.1,97.1,FERRY MANDVI,9010987,VT987,60,0,24,6,2.5,60
419010987,2026-09-04 08:45:00,22.86199,68.82931,16.6,93.6,93.6,FERRY MANDVI,9010987,VT987,60,0,24,6,2.5,60
419010987,2026-09-04 08:50:00,22.85999,68.8541,16.7,96.4,96.4,FERRY MANDVI,9010987,VT987,60,0,24,6,2.5,60
419010987,2026-09-04 08:55:00,22.85799,68.8789,16.7,96.1,96.1,FERRY MANDVI,9010987,VT987,60,0,24,6,2.5,60
419010987,2026-09-04 09:00:00,22.85599,68.90369,16.4,93.6,93.6,FERRY MANDVI,9010987,VT987,60,0,24,6,2.5,60
419010987,2026-09-04 09:05:00,22.85399,68.92849,16.2,92.5,92.5,FERRY MANDVI,9010987,VT987,60,0,24,6,2.5,60
419010987,2026-09-04 09:10:00,22.85199,68.95328,16.6,94.9,94.9,FERRY MANDVI,9010987,VT987,60,0,24,6,2.5,60
419010987,2026-09-04 09:15:00,22.84999,68.97808,16.4,90.6,90.6,FERRY MANDVI,9010987,VT987,60,0,24,6,2.5,60
419010987,2026-09-04 09:20:00,22.84799,69.00287,16.1,96.7,96.7,FERRY MANDVI,9010987,VT987,60,0,24,6,2.5,60
419010987,2026-09-04 09:25:00,22.84599,69.02767,16.3,95.5,95.5,FERRY MANDVI,9010987,VT987,60,0,24,6,2.5,60
419010987,2026-09-04 09:30:00,22.84399,69.05246,16.1,97.2,97.2,FERRY MANDVI,9010987,VT987,60,0,24,6,2.5,60
419010987,2026-09-04 09:35:00,22.84199,69.07726,16.5,95.4,95.4,FERRY MANDVI,9010987,VT987,60,0,24,6,2.5,60
419010987,2026-09-04 09:40:00,22.83999,69.10205,17.2,97.3,97.3,FERRY MANDVI,9010987,VT987,60,0,24,6,2.5,60
419010987,2026-09-04 09:45:00,22.838,69.12685,16.4,94.1,94.1,FERRY MANDVI,9010987,VT987,60,0,24,6,2.5,60
419010987,2026-09-04 09:50:00,22.836,69.15164,16.4,95.8,95.8,FERRY MANDVI,9010987,VT987,60,0,24,6,2.5,60
419010987,2026-09-04 09:55:00,22.834,69.17644,16.5,94.4,94.4,FERRY MANDVI,9010987,VT987,60,0,24,6,2.5,60
419010987,2026-09-04 10:00:00,22.832,69.20123,16.9,94.8,94.8,FERRY MANDVI,9010987,VT987,60,0,24,6,2.5,60
419010987,2026-09-04 10:05:00,22.83,69.22603,17.2,95.1,95.1,FERRY MANDVI,9010987,VT987,60,0,24,6,2.5,60
419010987,2026-09-04 10:10:00,22.828,69.25082,17.0,95.5,95.5,FERRY MANDVI,9010987,VT987,60,0,24,6,2.5,60
419010987,2026-09-04 10:15:00,22.826,69.27562,16.8,93.9,93.9,FERRY MANDVI,9010987,VT987,60,0,24,6,2.5,60
419010987,2026-09-04 10:20:00,22.824,69.30041,16.2,95.7,95.7,FERRY MANDVI,9010987,VT987,60,0,24,6,2.5,60
419010987,2026-09-04 10:25:00,22.822,69.32521,16.8,95.1,95.1,FERRY MANDVI,9010987,VT987,60,0,24,6,2.5,60
419010987,2026-09-04 10:30:00,22.82,69.35,16.1,93.0,93.0,FERRY MANDVI,9010987,VT987,60,0,24,6,2.5,60
419010987,2026-09-04 10:35:00,22.818,69.37479,16.1,92.3,92.3,FERRY MANDVI,9010987,VT987,60,0,24,6,2.5,60
419010987,2026-09-04 10:40:00,22.816,69.39959,16.5,96.7,96.7,FERRY MANDVI,9010987,VT987,60,0,24,6,2.5,60
419010987,2026-09-04 10:45:00,22.814,69.42438,16.5,91.6,91.6,FERRY MANDVI,9010987,VT987,60,0,24,6,2.5,60
419010987,2026-09-04 10:50:00,22.812,69.44918,16.4,94.8,94.8,FERRY MANDVI,9010987,VT987,60,0,24,6,2.5,60
419010987,2026-09-04 10:55:00,22.81,69.47397,17.1,92.8,92.8,FERRY MANDVI,9010987,VT987,60,0,24,6,2.5,60
419010987,2026-09-04 11:00:00,22.808,69.49877,16.4,97.6,97.6,FERRY MANDVI,9010987,VT987,60,0,24,6,2.5,60
419010987,2026-09-04 11:05:00,22.806,69.52356,16.6,95.8,95.8,FERRY MANDVI,9010987,VT987,60,0,24,6,2.5,60
419010987,2026-09-04 11:10:00,22.804,69.54836,16.5,95.5,95.5,FERRY MANDVI,9010987,VT987,60,0,24,6,2.5,60
419010987,2026-09-04 11:15:00,22.802,69.57315,16.7,93.8,93.8,FERRY MANDVI,9010987,VT987,60,0,24,6,2.5,60
419010987,2026-09-04 11:20:00,22.80001,69.59795,16.8,92.9,92.9,FERRY MANDVI,9010987,VT987,60,0,24,6,2.5,60
419010987,2026-09-04 11:25:00,22.79801,69.62274,16.6,95.3,95.3,FERRY MANDVI,9010987,VT987,60,0,24,6,2.5,60
419010987,2026-09-04 11:30:00,22.79601,69.64754,16.3,95.0,95.0,FERRY MANDVI,9010987,VT987,60,0,24,6,2.5,60
419010987,2026-09-04 11:35:00,22.79401,69.67233,16.3,93.4,93.4,FERRY MANDVI,9010987,VT987,60,0,24,6,2.5,60
419010987,2026-09-04 11:40:00,22.79201,69.69713,16.4,93.3,93.3,FERRY MANDVI,9010987,VT987,60,0,24,6,2.5,60
419010987,2026-09-04 11:45:00,22.79001,69.72192,16.6,93.3,93.3,FERRY MANDVI,9010987,VT987,60,0,24,6,2.5,60
419010987,2026-09-04 11:50:00,22.78801,69.74672,16.7,93.2,93.2,FERRY MANDVI,9010987,VT987,60,0,24,6,2.5,60
419010987,2026-09-04 11:55:00,22.78601,69.77151,16.3,94.1,94.1,FERRY MANDVI,9010987,VT987,60,0,24,6,2.5,60
419010987,2026-09-04 12:00:00,22.78401,69.79631,16.9,95.5,95.5,FERRY MANDVI,9010987,VT987,60,0,24,6,2.5,60
419010987,2026-09-04 12:05:00,22.78201,69.8211,16.4,95.7,95.7,FERRY MANDVI,9010987,VT987,60,0,24,6,2.5,60
419010987,2026-09-04 12:10:00,22.78001,69.8459,15.9,94.9,94.9,FERRY MANDVI,9010987,VT987,60,0,24,6,2.5,60
419010987,2026-09-04 12:15:00,22.77801,69.87069,17.1,95.2,95.2,FERRY MANDVI,9010987,VT987,60,0,24,6,2.5,60
419010987,2026-09-04 12:20:00,22.77601,69.89549,16.5,95.8,95.8,FERRY MANDVI,9010987,VT987,60,0,24,6,2.5,60
419010987,2026-09-04 12:25:00,22.77401,69.92028,16.8,92.0,92.0,FERRY MANDVI,9010987,VT987,60,0,24,6,2.5,60
419010987,2026-09-04 12:30:00,22.77201,69.94508,16.0,95.3,95.3,FERRY MANDVI,9010987,VT987,60,0,24,6,2.5,60
419010987,2026-09-04 12:35:00,22.77001,69.96987,16.3,97.0,97.0,FERRY MANDVI,9010987,VT987,60,0,24,6,2.5,60
419010987,2026-09-04 12:40:00,22.76801,69.99467,16.4,92.1,92.1,FERRY MANDVI,9010987,VT987,60,0,24,6,2.5,60
419010987,2026-09-04 12:45:00,22.76601,70.01946,16.1,90.9,90.9,FERRY MANDVI,9010987,VT987,60,0,24,6,2.5,60
419010987,2026-09-04 12:50:00,22.76401,70.04426,16.4,94.7,94.7,FERRY MANDVI,9010987,VT987,60,0,24,6,2.5,60
419010987,2026-09-04 12:55:00,22.76202,70.06905,16.4,96.6,96.6,FERRY MANDVI,9010987,VT987,60,0,24,6,2.5,60
419010987,2026-09-04 13:00:00,22.76002,70.09385,16.9,94.7,94.7,FERRY MANDVI,9010987,VT987,60,0,24,6,2.5,60
419010987,2026-09-04 13:05:00,22.75802,70.11864,15.9,95.9,95.9,FERRY MANDVI,9010987,VT987,60,0,24,6,2.5,60
419010987,2026-09-04 13:10:00,22.75602,70.14344,16.7,95.5,95.5,FERRY MANDVI,9010987,VT987,60,0,24,6,2.5,60
419010987,2026-09-04 13:15:00,22.75402,70.16823,16.8,93.3,93.3,FERRY MANDVI,9010987,VT987,60,0,24,6,2.5,60
419010987,2026-09-04 13:20:00,22.75202,70.19303,17.1,93.6,93.6,FERRY MANDVI,9010987,VT987,60,0,24,6,2.5,60
419010987,2026-09-04 13:25:00,22.75002,70.21782,16.7,92.5,92.5,FERRY MANDVI,9010987,VT987,60,0,24,6,2.5,60
419010987,2026-09-04 13:30:00,22.74802,70.24262,16.2,97.3,97.3,FERRY MANDVI,9010987,VT987,60,0,24,6,2.5,60
419010987,2026-09-04 13:35:00,22.74602,70.26741,16.4,96.3,96.3,FERRY MANDVI,9010987,VT987,60,0,24,6,2.5,60
419010987,2026-09-04 13:40:00,22.74402,70.29221,16.6,94.8,94.8,FERRY MANDVI,9010987,VT987,60,0,24,6,2.5,60
419010987,2026-09-04 13:45:00,22.74202,70.317,16.9,94.6,94.6,FERRY MANDVI,9010987,VT987,60,0,24,6,2.5,60
419010987,2026-09-04 13:50:00,22.74002,70.3418,16.0,93.8,93.8,FERRY MANDVI,9010987,VT987,60,0,24,6,2.5,60
419010987,2026-09-04 13:55:00,22.73802,70.36659,16.7,95.6,95.6,FERRY MANDVI,9010987,VT987,60,0,24,6,2.5,60
419010987,2026-09-04 14:00:00,22.73602,70.39139,16.0,93.9,93.9,FERRY MANDVI,9010987,VT987,60,0,24,6,2.5,60
419099887,2026-09-04 06:00:00,22.99096,69.74274,9.6,244.5,244.5,MT SINDHU RATNA,9099887,VT887,82,0,180,32,11.5,80
419099887,2026-09-04 06:05:00,22.9852,69.72936,9.4,244.1,244.1,MT SINDHU RATNA,9099887,VT887,82,0,180,32,11.5,80
419099887,2026-09-04 06:10:00,22.97944,69.71598,9.6,246.2,246.2,MT SINDHU RATNA,9099887,VT887,82,0,180,32,11.5,80
419099887,2026-09-04 06:15:00,22.97368,69.70259,10.0,244.8,244.8,MT SINDHU RATNA,9099887,VT887,82,0,180,32,11.5,80
419099887,2026-09-04 06:20:00,22.96793,69.68921,9.7,245.2,245.2,MT SINDHU RATNA,9099887,VT887,82,0,180,32,11.5,80
419099887,2026-09-04 06:25:00,22.96217,69.67582,9.6,243.3,243.3,MT SINDHU RATNA,9099887,VT887,82,0,180,32,11.5,80
419099887,2026-09-04 06:30:00,22.95641,69.66244,9.5,244.0,244.0,MT SINDHU RATNA,9099887,VT887,82,0,180,32,11.5,80
419099887,2026-09-04 06:35:00,22.95065,69.64906,9.5,245.2,245.2,MT SINDHU RATNA,9099887,VT887,82,0,180,32,11.5,80
419099887,2026-09-04 06:40:00,22.94489,69.63567,10.0,242.6,242.6,MT SINDHU RATNA,9099887,VT887,82,0,180,32,11.5,80
419099887,2026-09-04 06:45:00,22.93913,69.62229,9.8,244.7,244.7,MT SINDHU RATNA,9099887,VT887,82,0,180,32,11.5,80
419099887,2026-09-04 06:50:00,22.93338,69.6089,9.9,245.0,245.0,MT SINDHU RATNA,9099887,VT887,82,0,180,32,11.5,80
419099887,2026-09-04 06:55:00,22.92762,69.59552,9.4,243.1,243.1,MT SINDHU RATNA,9099887,VT887,82,0,180,32,11.5,80
419099887,2026-09-04 07:00:00,22.92186,69.58213,9.8,246.5,246.5,MT SINDHU RATNA,9099887,VT887,82,0,180,32,11.5,80
419099887,2026-09-04 07:05:00,22.9161,69.56875,9.1,245.5,245.5,MT SINDHU RATNA,9099887,VT887,82,0,180,32,11.5,80
419099887,2026-09-04 07:10:00,22.91034,69.55537,10.2,244.8,244.8,MT SINDHU RATNA,9099887,VT887,82,0,180,32,11.5,80
419099887,2026-09-04 07:15:00,22.90458,69.54198,10.0,243.9,243.9,MT SINDHU RATNA,9099887,VT887,82,0,180,32,11.5,80
419099887,2026-09-04 07:20:00,22.89882,69.5286,9.8,242.6,242.6,MT SINDHU RATNA,9099887,VT887,82,0,180,32,11.5,80
419099887,2026-09-04 07:25:00,22.89307,69.51521,9.1,246.4,246.4,MT SINDHU RATNA,9099887,VT887,82,0,180,32,11.5,80
419099887,2026-09-04 07:30:00,22.88731,69.50183,9.5,244.3,244.3,MT SINDHU RATNA,9099887,VT887,82,0,180,32,11.5,80
419099887,2026-09-04 07:35:00,22.88155,69.48845,9.4,242.9,242.9,MT SINDHU RATNA,9099887,VT887,82,0,180,32,11.5,80
419099887,2026-09-04 07:40:00,22.87579,69.47506,9.7,243.9,243.9,MT SINDHU RATNA,9099887,VT887,82,0,180,32,11.5,80
419099887,2026-09-04 07:45:00,22.87003,69.46168,9.9,245.7,245.7,MT SINDHU RATNA,9099887,VT887,82,0,180,32,11.5,80
419099887,2026-09-04 07:50:00,22.86427,69.44829,9.9,245.4,245.4,MT SINDHU RATNA,9099887,VT887,82,0,180,32,11.5,80
419099887,2026-09-04 07:55:00,22.85851,69.43491,10.3,243.4,243.4,MT SINDHU RATNA,9099887,VT887,82,0,180,32,11.5,80
419099887,2026-09-04 08:00:00,22.85276,69.42152,9.8,246.7,246.7,MT SINDHU RATNA,9099887,VT887,82,0,180,32,11.5,80
419099887,2026-09-04 08:05:00,22.847,69.40814,10.2,242.9,242.9,MT SINDHU RATNA,9099887,VT887,82,0,180,32,11.5,80
419099887,2026-09-04 08:10:00,22.84124,69.39476,9.7,247.0,247.0,MT SINDHU RATNA,9099887,VT887,82,0,180,32,11.5,80
419099887,2026-09-04 08:15:00,22.83548,69.38137,10.0,245.3,245.3,MT SINDHU RATNA,9099887,VT887,82,0,180,32,11.5,80
419099887,2026-09-04 08:20:00,22.82972,69.36799,9.7,244.4,244.4,MT SINDHU RATNA,9099887,VT887,82,0,180,32,11.5,80
419099887,2026-09-04 08:25:00,22.82396,69.3546,9.9,244.6,244.6,MT SINDHU RATNA,9099887,VT887,82,0,180,32,11.5,80
419099887,2026-09-04 08:30:00,22.8182,69.34122,9.8,245.1,245.1,MT SINDHU RATNA,9099887,VT887,82,0,180,32,11.5,80
419099887,2026-09-04 08:35:00,22.81245,69.32784,9.6,245.8,245.8,MT SINDHU RATNA,9099887,VT887,82,0,180,32,11.5,80
419099887,2026-09-04 08:40:00,22.80669,69.31445,10.7,242.3,242.3,MT SINDHU RATNA,9099887,VT887,82,0,180,32,11.5,80
419099887,2026-09-04 08:45:00,22.80093,69.30107,9.9,243.9,243.9,MT SINDHU RATNA,9099887,VT887,82,0,180,32,11.5,80
419099887,2026-09-04 08:50:00,22.79517,69.28768,10.0,245.1,245.1,MT SINDHU RATNA,9099887,VT887,82,0,180,32,11.5,80
419099887,2026-09-04 08:55:00,22.78941,69.2743,10.0,246.8,246.8,MT SINDHU RATNA,9099887,VT887,82,0,180,32,11.5,80
419099887,2026-09-04 09:00:00,22.78365,69.26091,9.9,246.7,246.7,MT SINDHU RATNA,9099887,VT887,82,0,180,32,11.5,80
419099887,2026-09-04 09:05:00,22.77789,69.24753,9.1,247.4,247.4,MT SINDHU RATNA,9099887,VT887,82,0,180,32,11.5,80
419099887,2026-09-04 09:10:00,22.77214,69.23415,9.9,246.6,246.6,MT SINDHU RATNA,9099887,VT887,82,0,180,32,11.5,80
419099887,2026-09-04 09:15:00,22.76638,69.22076,9.4,243.8,243.8,MT SINDHU RATNA,9099887,VT887,82,0,180,32,11.5,80
419099887,2026-09-04 09:20:00,22.76062,69.20738,9.8,245.0,245.0,MT SINDHU RATNA,9099887,VT887,82,0,180,32,11.5,80
419099887,2026-09-04 09:25:00,22.75486,69.19399,9.9,246.6,246.6,MT SINDHU RATNA,9099887,VT887,82,0,180,32,11.5,80
419099887,2026-09-04 09:30:00,22.7491,69.18061,9.3,246.5,246.5,MT SINDHU RATNA,9099887,VT887,82,0,180,32,11.5,80
419099887,2026-09-04 09:35:00,22.74334,69.16723,9.8,244.7,244.7,MT SINDHU RATNA,9099887,VT887,82,0,180,32,11.5,80
419099887,2026-09-04 09:40:00,22.73759,69.15384,9.4,245.8,245.8,MT SINDHU RATNA,9099887,VT887,82,0,180,32,11.5,80
419099887,2026-09-04 09:45:00,22.73183,69.14046,9.1,246.0,246.0,MT SINDHU RATNA,9099887,VT887,82,0,180,32,11.5,80
419099887,2026-09-04 09:50:00,22.72607,69.12707,9.4,245.1,245.1,MT SINDHU RATNA,9099887,VT887,82,0,180,32,11.5,80
419099887,2026-09-04 09:55:00,22.72031,69.11369,9.8,246.8,246.8,MT SINDHU RATNA,9099887,VT887,82,0,180,32,11.5,80
419099887,2026-09-04 10:00:00,22.71455,69.1003,9.7,244.0,244.0,MT SINDHU RATNA,9099887,VT887,82,0,180,32,11.5,80
419099887,2026-09-04 10:05:00,22.70879,69.08692,9.6,246.9,246.9,MT SINDHU RATNA,9099887,VT887,82,0,180,32,11.5,80
419099887,2026-09-04 10:10:00,22.70303,69.07354,10.0,244.4,244.4,MT SINDHU RATNA,9099887,VT887,82,0,180,32,11.5,80
419099887,2026-09-04 10:15:00,22.69728,69.06015,9.7,242.6,242.6,MT SINDHU RATNA,9099887,VT887,82,0,180,32,11.5,80
419099887,2026-09-04 10:20:00,22.69152,69.04677,9.9,242.4,242.4,MT SINDHU RATNA,9099887,VT887,82,0,180,32,11.5,80
419099887,2026-09-04 10:25:00,22.68576,69.03338,10.0,245.2,245.2,MT SINDHU RATNA,9099887,VT887,82,0,180,32,11.5,80
419099887,2026-09-04 10:30:00,22.68,69.02,10.5,243.3,243.3,MT SINDHU RATNA,9099887,VT887,82,0,180,32,11.5,80
419099887,2026-09-04 10:35:00,22.67424,69.00662,9.8,247.7,247.7,MT SINDHU RATNA,9099887,VT887,82,0,180,32,11.5,80
419099887,2026-09-04 10:40:00,22.66848,68.99323,10.2,244.0,244.0,MT SINDHU RATNA,9099887,VT887,82,0,180,32,11.5,80
419099887,2026-09-04 10:45:00,22.66272,68.97985,9.9,245.0,245.0,MT SINDHU RATNA,9099887,VT887,82,0,180,32,11.5,80
419099887,2026-09-04 10:50:00,22.65697,68.96646,9.9,244.0,244.0,MT SINDHU RATNA,9099887,VT887,82,0,180,32,11.5,80
419099887,2026-09-04 10:55:00,22.65121,68.95308,9.8,242.6,242.6,MT SINDHU RATNA,9099887,VT887,82,0,180,32,11.5,80
419099887,2026-09-04 11:00:00,22.64545,68.9397,9.8,245.7,245.7,MT SINDHU RATNA,9099887,VT887,82,0,180,32,11.5,80
419099887,2026-09-04 11:05:00,22.63969,68.92631,9.7,242.6,242.6,MT SINDHU RATNA,9099887,VT887,82,0,180,32,11.5,80
419099887,2026-09-04 11:10:00,22.63393,68.91293,10.1,245.5,245.5,MT SINDHU RATNA,9099887,VT887,82,0,180,32,11.5,80
419099887,2026-09-04 11:15:00,22.62817,68.89954,9.6,244.6,244.6,MT SINDHU RATNA,9099887,VT887,82,0,180,32,11.5,80
419099887,2026-09-04 11:20:00,22.62241,68.88616,9.3,243.5,243.5,MT SINDHU RATNA,9099887,VT887,82,0,180,32,11.5,80
419099887,2026-09-04 11:25:00,22.61666,68.87277,9.6,246.8,246.8,MT SINDHU RATNA,9099887,VT887,82,0,180,32,11.5,80
419099887,2026-09-04 11:30:00,22.6109,68.85939,9.6,246.0,246.0,MT SINDHU RATNA,9099887,VT887,82,0,180,32,11.5,80
419099887,2026-09-04 11:35:00,22.60514,68.84601,9.6,245.4,245.4,MT SINDHU RATNA,9099887,VT887,82,0,180,32,11.5,80
419099887,2026-09-04 11:40:00,22.59938,68.83262,9.8,246.3,246.3,MT SINDHU RATNA,9099887,VT887,82,0,180,32,11.5,80
419099887,2026-09-04 11:45:00,22.59362,68.81924,9.6,242.6,242.6,MT SINDHU RATNA,9099887,VT887,82,0,180,32,11.5,80
419099887,2026-09-04 11:50:00,22.58786,68.80585,9.4,244.2,244.2,MT SINDHU RATNA,9099887,VT887,82,0,180,32,11.5,80
419099887,2026-09-04 11:55:00,22.58211,68.79247,9.4,245.6,245.6,MT SINDHU RATNA,9099887,VT887,82,0,180,32,11.5,80
419099887,2026-09-04 12:00:00,22.57635,68.77909,9.7,248.6,248.6,MT SINDHU RATNA,9099887,VT887,82,0,180,32,11.5,80
419099887,2026-09-04 12:05:00,22.57059,68.7657,9.3,245.3,245.3,MT SINDHU RATNA,9099887,VT887,82,0,180,32,11.5,80
419099887,2026-09-04 12:10:00,22.56483,68.75232,9.5,244.3,244.3,MT SINDHU RATNA,9099887,VT887,82,0,180,32,11.5,80
419099887,2026-09-04 12:15:00,22.55907,68.73893,9.8,241.5,241.5,MT SINDHU RATNA,9099887,VT887,82,0,180,32,11.5,80
419099887,2026-09-04 12:20:00,22.55331,68.72555,9.9,247.9,247.9,MT SINDHU RATNA,9099887,VT887,82,0,180,32,11.5,80
419099887,2026-09-04 12:25:00,22.54755,68.71216,9.7,245.4,245.4,MT SINDHU RATNA,9099887,VT887,82,0,180,32,11.5,80
419099887,2026-09-04 12:30:00,22.5418,68.69878,10.1,244.8,244.8,MT SINDHU RATNA,9099887,VT887,82,0,180,32,11.5,80
419099887,2026-09-04 12:35:00,22.53604,68.6854,9.6,241.6,241.6,MT SINDHU RATNA,9099887,VT887,82,0,180,32,11.5,80
419099887,2026-09-04 12:40:00,22.53028,68.67201,10.0,244.8,244.8,MT SINDHU RATNA,9099887,VT887,82,0,180,32,11.5,80
419099887,2026-09-04 12:45:00,22.52452,68.65863,9.5,245.2,245.2,MT SINDHU RATNA,9099887,VT887,82,0,180,32,11.5,80
419099887,2026-09-04 12:50:00,22.51876,68.64524,9.6,244.2,244.2,MT SINDHU RATNA,9099887,VT887,82,0,180,32,11.5,80
419099887,2026-09-04 12:55:00,22.513,68.63186,10.0,243.0,243.0,MT SINDHU RATNA,9099887,VT887,82,0,180,32,11.5,80
419099887,2026-09-04 13:00:00,22.50724,68.61848,10.1,242.9,242.9,MT SINDHU RATNA,9099887,VT887,82,0,180,32,11.5,80
419099887,2026-09-04 13:05:00,22.50149,68.60509,9.6,247.9,247.9,MT SINDHU RATNA,9099887,VT887,82,0,180,32,11.5,80
419099887,2026-09-04 13:10:00,22.49573,68.59171,10.1,245.1,245.1,MT SINDHU RATNA,9099887,VT887,82,0,180,32,11.5,80
419099887,2026-09-04 13:15:00,22.48997,68.57832,9.5,244.2,244.2,MT SINDHU RATNA,9099887,VT887,82,0,180,32,11.5,80
419099887,2026-09-04 13:20:00,22.48421,68.56494,9.8,245.1,245.1,MT SINDHU RATNA,9099887,VT887,82,0,180,32,11.5,80
419099887,2026-09-04 13:25:00,22.47845,68.55155,9.8,245.0,245.0,MT SINDHU RATNA,9099887,VT887,82,0,180,32,11.5,80
419099887,2026-09-04 13:30:00,22.47269,68.53817,9.7,242.8,242.8,MT SINDHU RATNA,9099887,VT887,82,0,180,32,11.5,80
419099887,2026-09-04 13:35:00,22.46693,68.52479,9.6,246.4,246.4,MT SINDHU RATNA,9099887,VT887,82,0,180,32,11.5,80
419099887,2026-09-04 13:40:00,22.46118,68.5114,9.4,244.7,244.7,MT SINDHU RATNA,9099887,VT887,82,0,180,32,11.5,80
419099887,2026-09-04 13:45:00,22.45542,68.49802,9.6,245.2,245.2,MT SINDHU RATNA,9099887,VT887,82,0,180,32,11.5,80
419099887,2026-09-04 13:50:00,22.44966,68.48463,9.7,247.2,247.2,MT SINDHU RATNA,9099887,VT887,82,0,180,32,11.5,80
419099887,2026-09-04 13:55:00,22.4439,68.47125,10.0,243.0,243.0,MT SINDHU RATNA,9099887,VT887,82,0,180,32,11.5,80
419099887,2026-09-04 14:00:00,22.43814,68.45787,10.0,243.8,243.8,MT SINDHU RATNA,9099887,VT887,82,0,180,32,11.5,80
419088776,2026-09-04 06:00:00,22.24255,69.4047,10.3,315.5,315.5,MV SAURASHTRA,9088776,VT776,79,0,180,32,11.5,70
419088776,2026-09-04 06:05:00,22.25287,69.3935,10.4,316.3,316.3,MV SAURASHTRA,9088776,VT776,79,0,180,32,11.5,70
419088776,2026-09-04 06:10:00,22.2632,69.3823,10.3,314.1,314.1,MV SAURASHTRA,9088776,VT776,79,0,180,32,11.5,70
419088776,2026-09-04 06:15:00,22.27352,69.3711,10.3,314.2,314.2,MV SAURASHTRA,9088776,VT776,79,0,180,32,11.5,70
419088776,2026-09-04 06:20:00,22.28384,69.35991,10.8,315.9,315.9,MV SAURASHTRA,9088776,VT776,79,0,180,32,11.5,70
419088776,2026-09-04 06:25:00,22.29417,69.34871,11.0,318.4,318.4,MV SAURASHTRA,9088776,VT776,79,0,180,32,11.5,70
419088776,2026-09-04 06:30:00,22.30449,69.33751,10.2,315.1,315.1,MV SAURASHTRA,9088776,VT776,79,0,180,32,11.5,70
419088776,2026-09-04 06:35:00,22.31481,69.32631,10.1,313.8,313.8,MV SAURASHTRA,9088776,VT776,79,0,180,32,11.5,70
419088776,2026-09-04 06:40:00,22.32514,69.31511,10.3,313.4,313.4,MV SAURASHTRA,9088776,VT776,79,0,180,32,11.5,70
419088776,2026-09-04 06:45:00,22.33546,69.30391,10.2,314.8,314.8,MV SAURASHTRA,9088776,VT776,79,0,180,32,11.5,70
419088776,2026-09-04 06:50:00,22.34578,69.29272,10.1,316.3,316.3,MV SAURASHTRA,9088776,VT776,79,0,180,32,11.5,70
419088776,2026-09-04 06:55:00,22.35611,69.28152,10.2,319.2,319.2,MV SAURASHTRA,9088776,VT776,79,0,180,32,11.5,70
419088776,2026-09-04 07:00:00,22.36643,69.27032,10.4,315.1,315.1,MV SAURASHTRA,9088776,VT776,79,0,180,32,11.5,70
419088776,2026-09-04 07:05:00,22.37675,69.25912,10.1,317.6,317.6,MV SAURASHTRA,9088776,VT776,79,0,180,32,11.5,70
419088776,2026-09-04 07:10:00,22.38708,69.24792,10.8,315.4,315.4,MV SAURASHTRA,9088776,VT776,79,0,180,32,11.5,70
419088776,2026-09-04 07:15:00,22.3974,69.23673,10.1,315.3,315.3,MV SAURASHTRA,9088776,VT776,79,0,180,32,11.5,70
419088776,2026-09-04 07:20:00,22.40772,69.22553,10.2,317.2,317.2,MV SAURASHTRA,9088776,VT776,79,0,180,32,11.5,70
419088776,2026-09-04 07:25:00,22.41804,69.21433,10.7,315.1,315.1,MV SAURASHTRA,9088776,VT776,79,0,180,32,11.5,70
419088776,2026-09-04 07:30:00,22.42837,69.20313,9.8,313.5,313.5,MV SAURASHTRA,9088776,VT776,79,0,180,32,11.5,70
419088776,2026-09-04 07:35:00,22.43869,69.19193,10.7,316.8,316.8,MV SAURASHTRA,9088776,VT776,79,0,180,32,11.5,70
419088776,2026-09-04 07:40:00,22.44901,69.18074,10.8,312.6,312.6,MV SAURASHTRA,9088776,VT776,79,0,180,32,11.5,70
419088776,2026-09-04 07:45:00,22.45934,69.16954,10.6,316.5,316.5,MV SAURASHTRA,9088776,VT776,79,0,180,32,11.5,70
419088776,2026-09-04 07:50:00,22.46966,69.15834,10.0,315.0,315.0,MV SAURASHTRA,9088776,VT776,79,0,180,32,11.5,70
419088776,2026-09-04 07:55:00,22.47998,69.14714,10.6,314.5,314.5,MV SAURASHTRA,9088776,VT776,79,0,180,32,11.5,70
419088776,2026-09-04 08:00:00,22.49031,69.13594,9.9,314.5,314.5,MV SAURASHTRA,9088776,VT776,79,0,180,32,11.5,70
419088776,2026-09-04 08:05:00,22.50063,69.12475,10.4,314.8,314.8,MV SAURASHTRA,9088776,VT776,79,0,180,32,11.5,70
419088776,2026-09-04 08:10:00,22.51095,69.11355,10.3,314.3,314.3,MV SAURASHTRA,9088776,VT776,79,0,180,32,11.5,70
419088776,2026-09-04 08:15:00,22.52128,69.10235,10.5,315.7,315.7,MV SAURASHTRA,9088776,VT776,79,0,180,32,11.5,70
419088776,2026-09-04 08:20:00,22.5316,69.09115,10.4,314.4,314.4,MV SAURASHTRA,9088776,VT776,79,0,180,32,11.5,70
419088776,2026-09-04 08:25:00,22.54192,69.07995,10.5,312.1,312.1,MV SAURASHTRA,9088776,VT776,79,0,180,32,11.5,70
419088776,2026-09-04 08:30:00,22.55225,69.06875,10.6,315.0,315.0,MV SAURASHTRA,9088776,VT776,79,0,180,32,11.5,70
419088776,2026-09-04 08:35:00,22.56257,69.05756,10.5,316.4,316.4,MV SAURASHTRA,9088776,VT776,79,0,180,32,11.5,70
419088776,2026-09-04 08:40:00,22.57289,69.04636,9.9,312.0,312.0,MV SAURASHTRA,9088776,VT776,79,0,180,32,11.5,70
419088776,2026-09-04 08:45:00,22.58321,69.03516,10.6,315.0,315.0,MV SAURASHTRA,9088776,VT776,79,0,180,32,11.5,70
419088776,2026-09-04 08:50:00,22.59354,69.02396,10.6,314.3,314.3,MV SAURASHTRA,9088776,VT776,79,0,180,32,11.5,70
419088776,2026-09-04 08:55:00,22.60386,69.01276,10.7,316.4,316.4,MV SAURASHTRA,9088776,VT776,79,0,180,32,11.5,70
419088776,2026-09-04 09:00:00,22.61418,69.00157,10.6,314.6,314.6,MV SAURASHTRA,9088776,VT776,79,0,180,32,11.5,70
419088776,2026-09-04 09:05:00,22.62451,68.99037,9.9,316.2,316.2,MV SAURASHTRA,9088776,VT776,79,0,180,32,11.5,70
419088776,2026-09-04 09:10:00,22.63483,68.97917,10.9,316.0,316.0,MV SAURASHTRA,9088776,VT776,79,0,180,32,11.5,70
419088776,2026-09-04 09:15:00,22.64515,68.96797,10.2,316.0,316.0,MV SAURASHTRA,9088776,VT776,79,0,180,32,11.5,70
419088776,2026-09-04 09:20:00,22.65548,68.95677,10.8,317.3,317.3,MV SAURASHTRA,9088776,VT776,79,0,180,32,11.5,70
419088776,2026-09-04 09:25:00,22.6658,68.94558,10.2,314.7,314.7,MV SAURASHTRA,9088776,VT776,79,0,180,32,11.5,70
419088776,2026-09-04 09:30:00,22.67612,68.93438,10.7,315.1,315.1,MV SAURASHTRA,9088776,VT776,79,0,180,32,11.5,70
419088776,2026-09-04 09:35:00,22.68645,68.92318,10.2,315.6,315.6,MV SAURASHTRA,9088776,VT776,79,0,180,32,11.5,70
419088776,2026-09-04 09:40:00,22.69677,68.91198,10.7,315.1,315.1,MV SAURASHTRA,9088776,VT776,79,0,180,32,11.5,70
419088776,2026-09-04 09:45:00,22.70709,68.90078,10.6,314.6,314.6,MV SAURASHTRA,9088776,VT776,79,0,180,32,11.5,70
419088776,2026-09-04 09:50:00,22.71742,68.88958,10.9,313.6,313.6,MV SAURASHTRA,9088776,VT776,79,0,180,32,11.5,70
419088776,2026-09-04 09:55:00,22.72774,68.87839,10.3,315.0,315.0,MV SAURASHTRA,9088776,VT776,79,0,180,32,11.5,70
419088776,2026-09-04 10:00:00,22.73806,68.86719,10.8,312.8,312.8,MV SAURASHTRA,9088776,VT776,79,0,180,32,11.5,70
419088776,2026-09-04 10:05:00,22.74838,68.85599,10.1,311.9,311.9,MV SAURASHTRA,9088776,VT776,79,0,180,32,11.5,70
419088776,2026-09-04 10:10:00,22.75871,68.84479,10.5,313.3,313.3,MV SAURASHTRA,9088776,VT776,79,0,180,32,11.5,70
419088776,2026-09-04 10:15:00,22.76903,68.83359,10.4,316.0,316.0,MV SAURASHTRA,9088776,VT776,79,0,180,32,11.5,70
419088776,2026-09-04 10:20:00,22.77935,68.8224,10.3,315.3,315.3,MV SAURASHTRA,9088776,VT776,79,0,180,32,11.5,70
419088776,2026-09-04 10:25:00,22.78968,68.8112,10.4,316.0,316.0,MV SAURASHTRA,9088776,VT776,79,0,180,32,11.5,70
419088776,2026-09-04 10:30:00,22.8,68.8,10.6,314.0,314.0,MV SAURASHTRA,9088776,VT776,79,0,180,32,11.5,70
419088776,2026-09-04 10:35:00,22.81032,68.7888,10.4,316.6,316.6,MV SAURASHTRA,9088776,VT776,79,0,180,32,11.5,70
419088776,2026-09-04 10:40:00,22.82065,68.7776,10.6,312.9,312.9,MV SAURASHTRA,9088776,VT776,79,0,180,32,11.5,70
419088776,2026-09-04 10:45:00,22.83097,68.76641,10.7,313.4,313.4,MV SAURASHTRA,9088776,VT776,79,0,180,32,11.5,70
419088776,2026-09-04 10:50:00,22.84129,68.75521,10.9,316.5,316.5,MV SAURASHTRA,9088776,VT776,79,0,180,32,11.5,70
419088776,2026-09-04 10:55:00,22.85162,68.74401,10.6,315.2,315.2,MV SAURASHTRA,9088776,VT776,79,0,180,32,11.5,70
419088776,2026-09-04 11:00:00,22.86194,68.73281,10.4,316.0,316.0,MV SAURASHTRA,9088776,VT776,79,0,180,32,11.5,70
419088776,2026-09-04 11:05:00,22.87226,68.72161,10.4,315.4,315.4,MV SAURASHTRA,9088776,VT776,79,0,180,32,11.5,70
419088776,2026-09-04 11:10:00,22.88258,68.71042,10.8,314.2,314.2,MV SAURASHTRA,9088776,VT776,79,0,180,32,11.5,70
419088776,2026-09-04 11:15:00,22.89291,68.69922,10.3,313.2,313.2,MV SAURASHTRA,9088776,VT776,79,0,180,32,11.5,70
419088776,2026-09-04 11:20:00,22.90323,68.68802,10.2,312.3,312.3,MV SAURASHTRA,9088776,VT776,79,0,180,32,11.5,70
419088776,2026-09-04 11:25:00,22.91355,68.67682,10.7,317.7,317.7,MV SAURASHTRA,9088776,VT776,79,0,180,32,11.5,70
419088776,2026-09-04 11:30:00,22.92388,68.66562,10.9,312.6,312.6,MV SAURASHTRA,9088776,VT776,79,0,180,32,11.5,70
419088776,2026-09-04 11:35:00,22.9342,68.65442,10.7,317.1,317.1,MV SAURASHTRA,9088776,VT776,79,0,180,32,11.5,70
419088776,2026-09-04 11:40:00,22.94452,68.64323,10.4,315.2,315.2,MV SAURASHTRA,9088776,VT776,79,0,180,32,11.5,70
419088776,2026-09-04 11:45:00,22.95485,68.63203,9.9,315.4,315.4,MV SAURASHTRA,9088776,VT776,79,0,180,32,11.5,70
419088776,2026-09-04 11:50:00,22.96517,68.62083,10.2,315.3,315.3,MV SAURASHTRA,9088776,VT776,79,0,180,32,11.5,70
419088776,2026-09-04 11:55:00,22.97549,68.60963,10.0,315.8,315.8,MV SAURASHTRA,9088776,VT776,79,0,180,32,11.5,70
419088776,2026-09-04 12:00:00,22.98582,68.59843,10.8,313.8,313.8,MV SAURASHTRA,9088776,VT776,79,0,180,32,11.5,70
419088776,2026-09-04 12:05:00,22.99614,68.58724,10.2,311.8,311.8,MV SAURASHTRA,9088776,VT776,79,0,180,32,11.5,70
419088776,2026-09-04 12:10:00,23.00646,68.57604,10.4,314.1,314.1,MV SAURASHTRA,9088776,VT776,79,0,180,32,11.5,70
419088776,2026-09-04 12:15:00,23.01679,68.56484,10.0,315.7,315.7,MV SAURASHTRA,9088776,VT776,79,0,180,32,11.5,70
419088776,2026-09-04 12:20:00,23.02711,68.55364,10.4,313.4,313.4,MV SAURASHTRA,9088776,VT776,79,0,180,32,11.5,70
419088776,2026-09-04 12:25:00,23.03743,68.54244,10.3,316.6,316.6,MV SAURASHTRA,9088776,VT776,79,0,180,32,11.5,70
419088776,2026-09-04 12:30:00,23.04775,68.53125,10.7,314.8,314.8,MV SAURASHTRA,9088776,VT776,79,0,180,32,11.5,70
419088776,2026-09-04 12:35:00,23.05808,68.52005,10.7,313.3,313.3,MV SAURASHTRA,9088776,VT776,79,0,180,32,11.5,70
419088776,2026-09-04 12:40:00,23.0684,68.50885,10.5,315.2,315.2,MV SAURASHTRA,9088776,VT776,79,0,180,32,11.5,70
419088776,2026-09-04 12:45:00,23.07872,68.49765,10.4,315.7,315.7,MV SAURASHTRA,9088776,VT776,79,0,180,32,11.5,70
419088776,2026-09-04 12:50:00,23.08905,68.48645,10.3,315.8,315.8,MV SAURASHTRA,9088776,VT776,79,0,180,32,11.5,70
419088776,2026-09-04 12:55:00,23.09937,68.47525,10.7,310.6,310.6,MV SAURASHTRA,9088776,VT776,79,0,180,32,11.5,70
419088776,2026-09-04 13:00:00,23.10969,68.46406,10.9,310.4,310.4,MV SAURASHTRA,9088776,VT776,79,0,180,32,11.5,70
419088776,2026-09-04 13:05:00,23.12002,68.45286,10.3,316.5,316.5,MV SAURASHTRA,9088776,VT776,79,0,180,32,11.5,70
419088776,2026-09-04 13:10:00,23.13034,68.44166,10.4,312.8,312.8,MV SAURASHTRA,9088776,VT776,79,0,180,32,11.5,70
419088776,2026-09-04 13:15:00,23.14066,68.43046,10.2,316.5,316.5,MV SAURASHTRA,9088776,VT776,79,0,180,32,11.5,70
419088776,2026-09-04 13:20:00,23.15099,68.41926,9.9,316.7,316.7,MV SAURASHTRA,9088776,VT776,79,0,180,32,11.5,70
419088776,2026-09-04 13:25:00,23.16131,68.40807,10.5,313.2,313.2,MV SAURASHTRA,9088776,VT776,79,0,180,32,11.5,70
419088776,2026-09-04 13:30:00,23.17163,68.39687,10.3,313.5,313.5,MV SAURASHTRA,9088776,VT776,79,0,180,32,11.5,70
419088776,2026-09-04 13:35:00,23.18196,68.38567,10.8,316.1,316.1,MV SAURASHTRA,9088776,VT776,79,0,180,32,11.5,70
419088776,2026-09-04 13:40:00,23.19228,68.37447,10.0,314.4,314.4,MV SAURASHTRA,9088776,VT776,79,0,180,32,11.5,70
419088776,2026-09-04 13:45:00,23.2026,68.36327,10.2,316.9,316.9,MV SAURASHTRA,9088776,VT776,79,0,180,32,11.5,70
419088776,2026-09-04 13:50:00,23.21292,68.35208,10.1,317.4,317.4,MV SAURASHTRA,9088776,VT776,79,0,180,32,11.5,70
419088776,2026-09-04 13:55:00,23.22325,68.34088,10.5,313.3,313.3,MV SAURASHTRA,9088776,VT776,79,0,180,32,11.5,70
419088776,2026-09-04 14:00:00,23.23357,68.32968,10.3,313.8,313.8,MV SAURASHTRA,9088776,VT776,79,0,180,32,11.5,70
